DROP TABLE IF EXISTS `auto_orders`,
`auto_payers`,
`chats`,
`creators`,
`managers`,
`menu_categories`,
`menus`,
`menus_option_categories`,
`option_categories`,
`options`,
`orders`,
`order_deliveries`,
`order_menus`,
`order_menu_option_categories`,
`order_menu_options`,
`participants`,
`parties`,
`shops`,
`users`,
`choice_menus`,
`choice_menu_option_categories`,
`choice_menu_options`;


-- 스키마
CREATE TABLE `shops` (
    `shop_id` BIGINT NOT NULL PRIMARY KEY AUTO_INCREMENT,
    `name` VARCHAR(32) NOT NULL,
    `address` VARCHAR(255) NOT NULL,
    `phone` VARCHAR(32) NOT NULL,
    `image` VARCHAR(500) NULL,
    `enabled_order` BOOL NOT NULL DEFAULT FALSE,
    `minimum_price` BIGINT NOT NULL,
    `closed` BOOL NOT NULL DEFAULT FALSE,
    `deleted` BOOL NOT NULL DEFAULT FALSE
);

CREATE TABLE `menu_categories` (
    `menu_category_id` BIGINT NOT NULL PRIMARY KEY AUTO_INCREMENT,
    `name` VARCHAR(32) NOT NULL,
    `deleted` BOOL NOT NULL DEFAULT FALSE,
    `shop_id` BIGINT NOT NULL,
    FOREIGN KEY (`shop_id`) REFERENCES `shops`(`shop_id`)
);

CREATE TABLE `menus` (
    `menu_id` BIGINT NOT NULL PRIMARY KEY AUTO_INCREMENT,
    `name` VARCHAR(32) NOT NULL,
    `description` VARCHAR(255) NOT NULL,
    `price` INT NOT NULL,
    `image` VARCHAR(500) NULL,
    `soldout` BOOL NOT NULL DEFAULT FALSE,
    `deleted` BOOL NOT NULL DEFAULT FALSE,
    `menu_category_id` BIGINT NOT NULL,
    `shop_id` BIGINT NOT NULL,
    FOREIGN KEY (`menu_category_id`) REFERENCES `menu_categories`(`menu_category_id`),
    FOREIGN KEY (`shop_id`) REFERENCES `shops`(`shop_id`)
);

CREATE TABLE `option_categories` (
    `option_category_id` BIGINT NOT NULL PRIMARY KEY AUTO_INCREMENT,
    `name` VARCHAR(32) NOT NULL,
    `required` BOOL NOT NULL,
    `max_count` INT NULL,
    `deleted` BOOL NOT NULL DEFAULT FALSE,
    `shop_id` BIGINT NOT NULL,
    FOREIGN KEY (`shop_id`) REFERENCES `shops`(`shop_id`)
);

CREATE TABLE `menus_option_categories` (
    `menu_id` BIGINT NOT NULL,
    `option_category_id` BIGINT NOT NULL,
    PRIMARY KEY (`menu_id`, `option_category_id`),
    FOREIGN KEY (`menu_id`) REFERENCES `menus`(`menu_id`),
    FOREIGN KEY (`option_category_id`) REFERENCES `option_categories`(`option_category_id`)
);

CREATE TABLE `options` (
    `option_id` BIGINT NOT NULL PRIMARY KEY AUTO_INCREMENT,
    `name` VARCHAR(32) NOT NULL,
    `price` INT NOT NULL,
    `deleted` BOOL NOT NULL DEFAULT FALSE,
    `option_category_id` BIGINT NOT NULL,
    `shop_id` BIGINT NOT NULL,
    FOREIGN KEY (`option_category_id`) REFERENCES `option_categories`(`option_category_id`),
    FOREIGN KEY (`shop_id`) REFERENCES `shops`(`shop_id`)
);

CREATE TABLE `users` (
    `user_id` BIGINT NOT NULL PRIMARY KEY AUTO_INCREMENT,
    `email` VARCHAR(32) NOT NULL UNIQUE
);

CREATE TABLE `parties` (
    `party_id` BIGINT NOT NULL PRIMARY KEY AUTO_INCREMENT,
    `access_code` CHAR(10) NOT NULL UNIQUE,
    `name` varchar(32) NOT NULL,
    `generation` INT NOT NULL,
    `classroom` INT NOT NULL,
    `last_order_time` DATETIME NOT NULL,
    `confirmed_time` DATETIME NULL,
    `rejected_time` DATETIME NULL,
    `real_ordered_time` DATETIME NULL,
    `made_time` DATETIME NULL,
    `delivered_time` DATETIME NULL,
    `created_time` DATETIME NOT NULL DEFAULT CURRENT_TIMESTAMP,
    `updated_time` DATETIME NOT NULL DEFAULT CURRENT_TIMESTAMP ON UPDATE CURRENT_TIMESTAMP,
    `shop_id` BIGINT NOT NULL,
    `user_id` BIGINT NOT NULL,
    FOREIGN KEY (`shop_id`) REFERENCES `shops`(`shop_id`),
    FOREIGN KEY (`user_id`) REFERENCES `users`(`user_id`)
);

CREATE TABLE `creators` (
    `creator_id` BIGINT NOT NULL PRIMARY KEY AUTO_INCREMENT,
    `email` VARCHAR(255) NOT NULL,
    `name` VARCHAR(8) NOT NULL,
    `bank` VARCHAR(32) NOT NULL,
    `account` VARCHAR(32) NOT NULL,
    `webhook_url` VARCHAR(255) NULL,
    `party_id` BIGINT NOT NULL,
    FOREIGN KEY (`party_id`) REFERENCES `parties`(`party_id`)
);

CREATE TABLE `chats` (
    `chat_id` BIGINT NOT NULL PRIMARY KEY AUTO_INCREMENT,
    `name` VARCHAR(8) NOT NULL,
    `content` VARCHAR(255) NOT NULL,
    `created_time` DATETIME NOT NULL,
    `party_id` BIGINT NOT NULL,
    FOREIGN KEY (`party_id`) REFERENCES `parties`(`party_id`)
);

CREATE TABLE `participants` (
    `participant_id` BIGINT NOT NULL PRIMARY KEY AUTO_INCREMENT,
    `name` VARCHAR(8) NULL,
    `is_carrier` BOOL NOT NULL DEFAULT FALSE,
    `paid` BOOL NOT NULL DEFAULT FALSE,
    `party_id` BIGINT NOT NULL,
    FOREIGN KEY (`party_id`) REFERENCES `parties`(`party_id`)
);

CREATE TABLE `choice_menus` (
    `choice_menu_id` BIGINT NOT NULL PRIMARY KEY AUTO_INCREMENT,
    `created_time` DATETIME NOT NULL DEFAULT CURRENT_TIMESTAMP,
    `updated_time` DATETIME NOT NULL DEFAULT CURRENT_TIMESTAMP ON UPDATE CURRENT_TIMESTAMP,
    `menu_id` BIGINT NOT NULL,
    `participant_id` BIGINT NOT NULL,
    `party_id` BIGINT NOT NULL,
    FOREIGN KEY (`menu_id`) REFERENCES `menus`(`menu_id`),
    FOREIGN KEY (`participant_id`) REFERENCES `participants`(`participant_id`),
    FOREIGN KEY (`party_id`) REFERENCES `parties`(`party_id`)
);

CREATE TABLE `choice_menu_option_categories` (
    `choice_menu_option_category_id` BIGINT NOT NULL PRIMARY KEY AUTO_INCREMENT,
    `choice_menu_id` BIGINT NOT NULL,
    `option_category_id` BIGINT NOT NULL,
    FOREIGN KEY (`choice_menu_id`) REFERENCES `choice_menus`(`choice_menu_id`),
    FOREIGN KEY (`option_category_id`) REFERENCES `option_categories`(`option_category_id`)
);

CREATE TABLE `choice_menu_options` (
    `choice_menu_option_id` BIGINT NOT NULL PRIMARY KEY AUTO_INCREMENT,
    `choice_menu_option_category_id` BIGINT NOT NULL,
    `option_id` BIGINT NOT NULL,
    FOREIGN KEY (`choice_menu_option_category_id`) REFERENCES `choice_menu_option_categories`(`choice_menu_option_category_id`),
    FOREIGN KEY (`option_id`) REFERENCES `options`(`option_id`)
);

CREATE TABLE `managers` (
    `manager_id` varchar(20) NOT NULL PRIMARY KEY,
    `manager_pw` varchar(20) NOT NULL,
    `shop_id` BIGINT NOT NULL,
    FOREIGN KEY (`shop_id`) REFERENCES `shops`(`shop_id`)
);



-- 가게
INSERT INTO
  shops (
    name,
    address,
    phone,
    image,
    enabled_order,
    minimum_price
  )
VALUES
  (
    '컴포즈커피 수완장덕점',
    '광주광역시 광산구 장덕동 1043 수완지구 호반베르디움 2차아파트 213(상가)동 105호',
    '062-710-4090',
    'https://img.ssafy.coffee/shop/1/02c725dc7afdf889440688026b9f78b6253678ff41842dafe976c7beb37d0057.jpg',
    TRUE,
    12000
  ),
  (
    '공차 광주수완점',
    '광주광역시 광산구 장덕동 1657 1657 1층 105,106호',
    '062-962-6607',
    'https://img.ssafy.coffee/shop/2/b2befa3b43d6f6b7c4d10b767dba705a501aae3e5418ca829aa337b992dfa9a8.jpg',
    FALSE,
    12000
  );

-- 유저
INSERT INTO
  users (email)
VALUES
  ('koyo.ssafy@gmail.com');

-- 매니저
INSERT INTO
  managers (manager_id, manager_pw, shop_id)
VALUES
  ('manager1', 'manager1', 1);



-- 메뉴
insert into menu_categories (menu_category_id, name, deleted, shop_id)
values  (1, '시즌 메뉴', 0, 1),
        (2, '세트 메뉴', 0, 1),
        (3, '커피 메뉴', 0, 1),
        (4, '디카페인 메뉴', 0, 1),
        (5, '베버리지 메뉴', 0, 1),
        (6, '스무디／프라페 메뉴', 0, 1),
        (7, '밀크쉐이크 메뉴', 0, 1),
        (8, '에이드／주스 메뉴', 0, 1),
        (9, '티 메뉴', 0, 1),
        (10, '티:베버리지 메뉴', 0, 1),
        (11, '디저트', 0, 1),
        (12, '신메뉴', 0, 2),
        (13, '베스트 콤비네이션', 0, 2),
        (14, 'HOT 메뉴', 0, 2),
        (15, '밀크티', 0, 2),
        (16, '스무디', 0, 2),
        (17, '오리지널 티', 0, 2),
        (18, '스파클링티', 0, 2),
        (19, '프룻티&믹스', 0, 2),
        (20, '커피', 0, 2),
        (21, '푸드', 0, 2),
        (22, '병음료', 0, 2);

insert into menus (menu_id, name, description, price, image, soldout, deleted, menu_category_id, shop_id)
values  (1, '딸기연유라떼', '', 4700, 'https://img.ssafy.coffee/shop/1/menu/1/3f14c9eac1a7cea8d24df85ac1af34f44483df2c6532cbad5cfcfd1132e1c171.jpg', 0, 0, 1, 1),
        (2, '딸기치즈스무디', '', 5300, 'https://img.ssafy.coffee/shop/1/menu/2/83b05709d21316b681895acd5a52b8a4a6769b4e46aaf76c816b12a5aed95ae8.jpg', 0, 0, 1, 1),
        (3, '딸기애플잼라떼', '', 4700, 'https://img.ssafy.coffee/shop/1/menu/3/b89f7e28f6647190a0dd08553364d2212e1cbc045492b0e0fd04e7a2e1faef4a.jpg', 0, 0, 1, 1),
        (4, '국내산 딸기주스', '', 4700, 'https://img.ssafy.coffee/shop/1/menu/4/1db681859387a10557c37622319a55026ee7bfbeb330e8021ee7a7abb5b0d98a.jpg', 0, 0, 1, 1),
        (5, '커피&와플', '', 5000, 'https://img.ssafy.coffee/shop/1/menu/5/6c7d9ef7bdcd9e3bf152bd636efe6b204abba1ba1f5efafa0983c0262576c11e.jpg', 0, 0, 2, 1),
        (6, '커피2잔&와플', '', 7000, 'https://img.ssafy.coffee/shop/1/menu/6/0dac6df124178a43c163df9334bbf6b586afbfc9284772eeee5badfbee7e8e87.jpg', 0, 0, 2, 1),
        (7, '커피&와플&마카롱', '', 7300, 'https://img.ssafy.coffee/shop/1/menu/7/acda490aee495fa1ab444b04e371a268ac4a04e30205849c18e525a533272fd4.jpg', 0, 0, 2, 1),
        (8, '아메리카노 5＋1', '', 10000, 'https://img.ssafy.coffee/shop/1/menu/8/8fb8c3e1f383d5eaa360660fb2fe388d1d966d98e26c6bf0b7d44713531dc452.jpg', 0, 0, 2, 1),
        (9, '에스프레소', '비터홀릭원두의 풍성한 크레마를 담은 커피', 2000, 'https://img.ssafy.coffee/shop/1/menu/9/a8b53fde49a325260b63d23927f1f01a11e6e61a65442e24df8ec0057ebc655a.jpg', 0, 0, 3, 1),
        (10, '빅포즈 아메리카노', '', 3500, 'https://img.ssafy.coffee/shop/1/menu/10/b7000ea5c25204faba28a22562f06411311cd31ae22aa3fff1ddacc1262a0a23.jpg', 0, 0, 3, 1),
        (11, '아메리카노', '진한 에스프레소에 물을 담은 커피', 2000, 'https://img.ssafy.coffee/shop/1/menu/11/eda62359bc4a1a3105a81ea79ab68c1208ad334080ebc65d0505c900db14e3fa.jpg', 0, 0, 3, 1),
        (12, '카페라떼', '진한 에스프레소에 우유를 담은 커피', 3400, 'https://img.ssafy.coffee/shop/1/menu/12/bf7d91fbccbf53b83808d24e2cb65e9f730d21c93975578b279526621da7a879.jpg', 0, 0, 3, 1),
        (13, '카푸치노', '풍부한 스팀밀크가 매력적인 커피 （시나몬 없이 주문 가능）', 3400, 'https://img.ssafy.coffee/shop/1/menu/13/21003fa6e5d5be32b214d93250342bc2b2e1d54ee28e338935007fd7ee1d50c0.jpg', 0, 0, 3, 1),
        (14, '바닐라라떼', '바닐라향의 카페라떼', 3800, 'https://img.ssafy.coffee/shop/1/menu/14/c3a6e8ff3e831ba6b01a885bca616bfa052552680572f9cd4fa3aee33bb131e8.jpg', 0, 0, 3, 1),
        (15, '헤이즐넛라떼', '헤이즐넛향의 카페라떼', 3800, 'https://img.ssafy.coffee/shop/1/menu/15/ae08b94e94b8bea288e696c8b0e095e862dc058e9ddecbd98fd74a8b23824111.jpg', 0, 0, 3, 1),
        (16, '카라멜마끼아또', '카라멜을 담은 카페라떼', 3800, 'https://img.ssafy.coffee/shop/1/menu/16/f6f356f7df05e54c3aa723a800b0365d8d86f67831a2fa7df7ab6c7579f173f4.jpg', 0, 0, 3, 1),
        (17, '카페모카', '초콜릿을 담은 카페라떼', 4000, 'https://img.ssafy.coffee/shop/1/menu/17/26c913b9d9a76d8312d67a81dd1d761bdc0c8f7222abd2001267f98161d307cb.jpg', 0, 0, 3, 1),
        (18, '돌체라떼', '연유를 담은 카페라떼', 4300, 'https://img.ssafy.coffee/shop/1/menu/18/d2bcb18070c805be629686bc5f4509a79bc07c3456d14d50a9b41d548d83b35e.jpg', 0, 0, 3, 1),
        (19, '흑당카페라떼', '달콤쌉쌀한 흑당을 담은 카페라떼 （펄이 기본 제공되지 않습니다）', 4300, 'https://img.ssafy.coffee/shop/1/menu/19/34a77c57c8dbda93df88bbcdae011feefad935ac96913b062cf0867e75068a80.jpg', 0, 0, 3, 1),
        (20, '아인슈패너라떼', '카페라떼와 시그니처 크림의 조화', 4700, 'https://img.ssafy.coffee/shop/1/menu/20/3943763d51a6975983e61f12e57f1d22a19d23e26fc9da6da71d55b8bba5a2fa.jpg', 0, 0, 3, 1),
        (21, '더치커피', '찬물로 추출한 더치 아메리카노', 3800, 'https://img.ssafy.coffee/shop/1/menu/21/c1aa47c72ea2d8d735e059d1df4e8c3ca989946456aa22c8baf10f735891813d.jpg', 0, 0, 3, 1),
        (22, '더치라떼', '찬물로 추출한 더치와 우유의 조화', 4300, 'https://img.ssafy.coffee/shop/1/menu/22/d861dbc59f4ddaf36d21acc618924f620f840741e330dec2e7450d3757819d1c.jpg', 0, 0, 3, 1),
        (23, '아인슈패너', '더치커피와 시그니처 크림의 조화', 4700, 'https://img.ssafy.coffee/shop/1/menu/23/4ec6ea734914c9b69dbdef72cc7776d951c964cde31078450e4e0d1785501996.jpg', 0, 0, 3, 1),
        (24, '달고나라떼', '달콤한 카페라떼위의 달고나', 4500, 'https://img.ssafy.coffee/shop/1/menu/24/90cb45004907abd7e872269dc60a1587d540fea602b5331c60b5356d7a87910c.jpg', 0, 0, 3, 1),
        (25, '디카페인 더치커피', '부드러운 디카페인 콜드브루 아메리카노', 4000, 'https://img.ssafy.coffee/shop/1/menu/25/457b4840f429bc1d46f023e4d3935558628fe5c099cfa2ffb5713967156976f6.jpg', 0, 0, 4, 1),
        (26, '디카페인 더치라떼', '부드러운 디카페인 커피와 우유의 조화', 4500, 'https://img.ssafy.coffee/shop/1/menu/26/40d9eec0cdeae2fe8076fefebedaa5e9d2692448329ca0d3ac4181a5e709d2e7.jpg', 0, 0, 4, 1),
        (27, '벨지움 생초콜릿 라떼', '', 5000, 'https://img.ssafy.coffee/shop/1/menu/27/ad2a56f2e7b78fedf93acdfc01d5da9381bf005fc82327a7954a9a3895a70dc0.jpg', 0, 0, 5, 1),
        (28, '망고라떼', '', 4300, 'https://img.ssafy.coffee/shop/1/menu/28/d568d29e9fca51392c69e484614160ff6b3d90ae68b8e12a954578c76775d540.jpg', 0, 0, 5, 1),
        (29, '블루베리라떼', '', 4300, 'https://img.ssafy.coffee/shop/1/menu/29/31b7236dda477953af4a2f9851f971755a3449d45d06635b2934d37cdf17d18e.jpg', 0, 0, 5, 1),
        (30, '곡물라떼', '풍부한 곡물와 우유', 3800, 'https://img.ssafy.coffee/shop/1/menu/30/682c2b8458d678f30884c30708af2982d0b80976dcdadd220d8fe2a37da9ec4c.jpg', 0, 0, 5, 1),
        (31, '고구마라떼', '달콤한 자색고구마와 우유', 4000, 'https://img.ssafy.coffee/shop/1/menu/31/de7d4187612ca2cda32b6a08a535280e65e701cccd0c2a3ab40afed67c54b66e.jpg', 0, 0, 5, 1),
        (32, '더블초코라떼', '진한 초콜릿과 우유 （휘핑크림 없이 주문 가능）', 4000, 'https://img.ssafy.coffee/shop/1/menu/32/6def9698cf822154fd8a539da10cf38cfcbeffad043e970daad0f5a8b565c5fc.jpg', 0, 0, 5, 1),
        (33, '쿠키초코라떼', '초코쿠키토핑이 매력적인 쿠앤크 라떼 （휘핑크림 없이 주문 가능）', 4000, 'https://img.ssafy.coffee/shop/1/menu/33/c17c541d132aaed4116532d1eb7771ae877e1b371a6e7a2e7ffc4f5c2154e674.jpg', 0, 0, 5, 1),
        (34, '그린티라떼', '진한 말차와 우유', 4000, 'https://img.ssafy.coffee/shop/1/menu/34/9a28a444ad89b8fc012e20b99db4287c78415ef5d965ab138d22d29ce69707f9.jpg', 0, 0, 5, 1),
        (35, '민트초코오레오라떼', '시원한 민트라떼와 초코쿠키토핑 （휘핑크림 없이 주문 가능）', 4000, 'https://img.ssafy.coffee/shop/1/menu/35/ada0d17bc7f7d7cfee996a7c94c1f62c1e157d1bd4c2d4e7eefa97085726f7ea.jpg', 0, 0, 5, 1),
        (36, '흑당밀크', '달콤쌉쌀한 흑당과 우유', 4000, 'https://img.ssafy.coffee/shop/1/menu/36/e5b6d32cbca96dc1967d90d3e559995de2db6f73e5c68d56c5ad44bb2aa03610.jpg', 0, 0, 5, 1),
        (37, '밀크티', '진한 홍차와 우유', 4300, 'https://img.ssafy.coffee/shop/1/menu/37/ddb68e2e8aefd7afebf8743f596a7b9a490ac8ade64cff70b77d3c7fa60485e2.jpg', 0, 0, 5, 1),
        (38, '딸기라떼', '', 4300, 'https://img.ssafy.coffee/shop/1/menu/38/1a970b21b2f627c33fa5511439efb2b74454379f069f553a3e96c42b3031944e.jpg', 0, 0, 5, 1),
        (39, '딸기스무디', '딸기 과육향이 풍부한 블렌딩음료', 4300, 'https://img.ssafy.coffee/shop/1/menu/39/fe8a55ce4a6c29e8ccc9fc68d938f7852d5afa73ef5fc14ce5f612b5f0d1f0f8.jpg', 0, 0, 6, 1),
        (40, '망고스무디', '망고 과육향이 풍부한 블렌딩음료', 4300, 'https://img.ssafy.coffee/shop/1/menu/40/10dfee7e7cf43566a7efbc80ece2e89d42150bde5307d41baeaded6f28d0282e.jpg', 0, 0, 6, 1),
        (41, '블루베리스무디', '블루베리 과육향이 풍부한 블렌딩음료', 4300, 'https://img.ssafy.coffee/shop/1/menu/41/b96c3a3a0cf247b58697071aaa2a7571105beee9efc0be4b6469aa5d1b9195b9.jpg', 0, 0, 6, 1),
        (42, '유자스무디', '', 4300, 'https://img.ssafy.coffee/shop/1/menu/42/e363c391c5512b7b4333a475be6e4be7e39dbb1ec60ac9abb682813cc788fa54.jpg', 0, 0, 6, 1),
        (43, '딸기요거트스무디', '딸기와 요거트가 담긴 블렌딩음료', 4500, 'https://img.ssafy.coffee/shop/1/menu/43/b021df1bb7c92f26ec2240cac919e2d288efc7abc9d143db0f59767ec872ef97.jpg', 0, 0, 6, 1),
        (44, '망고요거트스무디', '망고와 요거트가 담긴 블렌딩음료', 4500, 'https://img.ssafy.coffee/shop/1/menu/44/d9fba08ebbc4ae68d52c5ac863c4cdb2eb8e50c1e807ea615d98421f8ad195e6.jpg', 0, 0, 6, 1),
        (45, '블루베리요거트스무디', '블루베리와 요거트가 담긴 블렌딩음료', 4500, 'https://img.ssafy.coffee/shop/1/menu/45/10f2b6bf2a21b8f22859e2bdabf335872f656b1076dcc93b3721f07eb7fb1b7a.jpg', 0, 0, 6, 1),
        (46, '플레인요거트스무디', '새콤달콤한 요거트 블렌딩 음료', 4500, 'https://img.ssafy.coffee/shop/1/menu/46/ac6b899c7458e523c2aa1e3a4febe40c75a23fbce73ccf885b2478a805a127b8.jpg', 0, 0, 6, 1),
        (47, '리얼초코자바칩프라페', '모카소스와 자바칩초콜릿을 담은 블렌딩음료 （휘핑크림 없이 주문 가능）', 4500, 'https://img.ssafy.coffee/shop/1/menu/47/197d97206bf7e201adbe45556848bd830f06f4f9fbbd51f29e7d549e240a5591.jpg', 0, 0, 6, 1),
        (48, '쿠키초코프라페', '초콜릿음료와 초코쿠키토핑을 담은 블렌딩음료 （휘핑크림 없이 주문 가능）', 4500, 'https://img.ssafy.coffee/shop/1/menu/48/53661f1e3503fd1c5ef0d86170f320ae022d7c7ddfd776b2ebab6fa39f6459ed.jpg', 0, 0, 6, 1),
        (49, '민트초코오레오프라페', '민트와 초코쿠키토핑을 담은 블렌딩 음료 （휘핑크림 없이 주문 가능）', 4500, 'https://img.ssafy.coffee/shop/1/menu/49/5ff0e40af1655e6b9c112151f0387aeb74057439c4b4d25c40047c1df9df23bc.jpg', 0, 0, 6, 1),
        (50, '그린티프라페', '진한말차와 우유를 담은 블렌딩 음료 （휘핑크림 없이 주문 가능）', 4500, 'https://img.ssafy.coffee/shop/1/menu/50/db346ca0c65bbdf18ee435683808f255875bb706016f0995d1593b35c9feaac8.jpg', 0, 0, 6, 1),
        (51, '모카자바칩프라페', '에스프레소샷이 담긴 자바칩프라페 （휘핑크림 없이 주문 가능）', 5000, 'https://img.ssafy.coffee/shop/1/menu/51/6ed012ed01e79f6dc9e063d935e6134c9e2b873f39b7daa0225595e53e94f294.jpg', 0, 0, 6, 1),
        (52, '캔디소다밀크쉐이크', '', 4700, 'https://img.ssafy.coffee/shop/1/menu/52/959e835053c2b5b22791a6922acb59e559114c6e11f82f954cdbaadb8869e9da.jpg', 0, 0, 7, 1),
        (53, '플레인밀크쉐이크', '우유와 상하목장을 담은 밀크쉐이크', 4700, 'https://img.ssafy.coffee/shop/1/menu/53/58c35b7475ea48cc3ea5778166be4626d0ca873710ac5cc4b2fff9b4943bd9c5.jpg', 0, 0, 7, 1),
        (54, '쿠키밀크쉐이크', '달콤한 캬라멜과 커피쿠키가 더해진 밀크쉐이크', 5000, 'https://img.ssafy.coffee/shop/1/menu/54/83267f55b330b3f7b553436256f5db337a712174bde9ef8abfb2dec577d00d9e.jpg', 0, 0, 7, 1),
        (55, '커피밀크쉐이크', '', 5000, 'https://img.ssafy.coffee/shop/1/menu/55/b2d231947e8c8c2c189e13dc47fec0b78ee473af3d7d15b1d0575b42a6ef0e14.jpg', 0, 0, 7, 1),
        (56, '자몽에이드', '자몽과육과 탄산이 만나 청량감이 가득한 음료', 4000, 'https://img.ssafy.coffee/shop/1/menu/56/f043fc278efde927945d68f06dc842d3725408d417663c295c4f1da3dae9ff59.jpg', 0, 0, 8, 1),
        (57, '레몬에이드', '레몬과육과 탄산이 만나 청량감이 가득한 음료', 4000, 'https://img.ssafy.coffee/shop/1/menu/57/24e7dd95e3e2a0d45e6c3b525fef31e16dc9551bb62d1f6b0d6c4b81a70b37e3.jpg', 0, 0, 8, 1),
        (58, '망고에이드', '망고과육과 탄산이 만나 청량감이 가득한 음료', 4000, 'https://img.ssafy.coffee/shop/1/menu/58/f3aa589812b69061b1307e80b3eaa370df34660c3af6ac7dc05b6641b32a15c9.jpg', 0, 0, 8, 1),
        (59, '유자에이드', '유자청과 탄산이 만나 청량감이 가득한 음료', 4000, 'https://img.ssafy.coffee/shop/1/menu/59/32c596aa0ce470e11b4d10d5f6e7b81f927569069733ab23d74187685f4a20d9.jpg', 0, 0, 8, 1),
        (60, '블루레몬에이드', '레몬에이드에 블루색으로 시원함을 더한 음료', 4000, 'https://img.ssafy.coffee/shop/1/menu/60/0c36dad176629825011052937aa03ee8a69cc1d86ab5cc4988d4c7e70450e669.jpg', 0, 0, 8, 1),
        (61, '청포도에이드', '청포도과육과 탄산이 만나 청량감이 가득한 음료', 4000, 'https://img.ssafy.coffee/shop/1/menu/61/e2897b4ee413c303d8e69661d26d2230c888d3056b94c79f5cc80654d9c83158.jpg', 0, 0, 8, 1),
        (62, '패션후르츠에이드', '패션후르츠과육과 탄산이 만나 청량감이 가득한 음료 （씨가 포함 되어 있습니다）', 4000, 'https://img.ssafy.coffee/shop/1/menu/62/06b8c0fc2dd9a9ab46573af4f4834ca285d895f31c5f823a8f66e827aefd018c.jpg', 0, 0, 8, 1),
        (63, '키위주스', '키위를 사용한 과일주스', 4300, 'https://img.ssafy.coffee/shop/1/menu/63/19a6fb976a578b07bc41355aeedccfc57fe663fcfe16dd5a19545850820aab93.jpg', 0, 0, 8, 1),
        (64, '복숭아주스', '복숭아를 사용한 과일주스', 4300, 'https://img.ssafy.coffee/shop/1/menu/64/a93060576222a7a580134ea60435ae9a8841ed32c323e018bb4ff4dd0eca398d.jpg', 0, 0, 8, 1),
        (65, '오렌지당근주스', '오렌지, 사과, 당근을 넣은 건강 과일주스', 4300, 'https://img.ssafy.coffee/shop/1/menu/65/13f90d5f532d6ba286fb6580e1a477c11b1cb0f4df7c0ed034360fc797184a05.jpg', 0, 0, 8, 1),
        (66, '샤인머스켓케일주스', '샤인머스켓, 파인애플, 케일을 넣은 건강 과일주스', 4300, 'https://img.ssafy.coffee/shop/1/menu/66/62f38e251b0e3e8db7bd8bf9ac69e6af78cdf8f9492857710ca17c3b6d22b0c1.jpg', 0, 0, 8, 1),
        (67, '페퍼민트', '시원한 페퍼민트 향을 담은 허브티', 3000, 'https://img.ssafy.coffee/shop/1/menu/67/5896fa746ca42754389e7c7920f9c058a0cb7744b145b38e6f48349b22df5a9e.jpg', 0, 0, 9, 1),
        (68, '캐모마일', '향기로운 국화향을 담은 허브티', 3000, 'https://img.ssafy.coffee/shop/1/menu/68/b983de9b74730bea562407202594b2339d509feeae4a9f7a4f224abcad58c3e7.jpg', 0, 0, 9, 1),
        (69, '로즈마리', '신선하고 은은한 로즈마리향을 담은 허브티', 3000, 'https://img.ssafy.coffee/shop/1/menu/69/b444cffb7ec23dab5bc29d45d3b6634cb43b412e8e946db0ff5e8bfdd330fa4f.jpg', 0, 0, 9, 1),
        (70, '블랙퍼스트', '진한 향과 카페인으로 아침에 마시는 홍차', 3000, 'https://img.ssafy.coffee/shop/1/menu/70/0f4dc3a8bded988898f641c720494e630328b7b674a9f32c7c447884d289f96f.jpg', 0, 0, 9, 1),
        (71, '얼그레이', '베르가못（감귤류의 한종류） 향을 담은 홍차', 3000, 'https://img.ssafy.coffee/shop/1/menu/71/ec9e12d201a05bfbdee5c9422daf2515358402db2a6dd3560394aa2540d9ad29.jpg', 0, 0, 9, 1),
        (72, '자몽허니과일티', '자몽청이 들어가 달콤 쌉쌀함이 가득한 과일티', 4000, 'https://img.ssafy.coffee/shop/1/menu/72/e8e4304482fcb1ee85323b79b6c28c0d1f51dd6668ad51179707353691044a02.jpg', 0, 0, 9, 1),
        (73, '레몬허니과일티', '레몬청이 들어가 달콤 상콤함이 가득한 과일티', 4000, 'https://img.ssafy.coffee/shop/1/menu/73/20cd08edbf0e986ec7af362b6e23228b7c67f8586b026bc16baf194bfe262400.jpg', 0, 0, 9, 1),
        (74, '유자허니과일티', '유자청이 들어가 상콤 쌉쌀함이 가득한 과일티', 4000, 'https://img.ssafy.coffee/shop/1/menu/74/6461f877447677d09f6ce13062a1bcecc3af0303cfcd0af034011e95d48b5e75.jpg', 0, 0, 9, 1),
        (75, '복숭아티', '홍차에 복숭아의 달콤함을 더한 아이스티', 3500, 'https://img.ssafy.coffee/shop/1/menu/75/ad23a8dc2655a64fdde3688284543f2e52ed9d872fd9bb8fca8436448e5f828b.jpg', 0, 0, 10, 1),
        (76, '자몽허니블랙티', '진한 홍차와 자몽과육이 어우러진 음료', 4300, 'https://img.ssafy.coffee/shop/1/menu/76/48e919a487016f04c0a6cf936262570b87636a9b6db3d1125714a1ebe1928786.jpg', 0, 0, 10, 1),
        (77, '더블샷 카라멜 팝콘', '달콤한 카라멜 맛이 한가득 느껴지는 팝콘', 2500, 'https://img.ssafy.coffee/shop/1/menu/77/ec29820d3f80be8828062df3fea65ec8a1bea481b48656d8788bcad2623fc121.jpg', 0, 0, 11, 1),
        (78, '콘소메 수프맛 팝콘', '', 2000, 'https://img.ssafy.coffee/shop/1/menu/78/fe48cdae1b3a29384e793c89f09c4636a26194e4f295a7b82143a658eb8d5028.jpg', 0, 0, 11, 1),
        (79, '딸기치즈큐브와플', '', 4500, 'https://img.ssafy.coffee/shop/1/menu/79/e2c2df18a8c42ae8b5ee36dcd2b797abcf21426ab3ca7989794bf9fdafbc4256.jpg', 0, 0, 11, 1),
        (80, '사과생크림와플', '바삭한 와플에 사과잼과 휘핑크림을 토핑한 와플', 3500, 'https://img.ssafy.coffee/shop/1/menu/80/d742834f941560231794a90a7a843788d0b699bbcbc5cb734d74ee7bbdab9521.jpg', 0, 0, 11, 1),
        (81, '시나몬카라멜와플', '바삭한 와플에 캬라멜과 시나몬파우더를 토핑한 와플', 4000, 'https://img.ssafy.coffee/shop/1/menu/81/d6ec150cb9bc2bb4c27c47389f371a2a707cd3ccb6660a8191047c5d165962e9.jpg', 0, 0, 11, 1),
        (82, '오레오생크림와플', '바삭한 와플에 초콜릿과 쿠키크럼을 토핑한 와플', 4000, 'https://img.ssafy.coffee/shop/1/menu/82/941d837c40bbd87a4dc0f18942d0701a04866979d910d4c67143436f5cfe5ada.jpg', 0, 0, 11, 1),
        (83, '메이플 크룽지', '', 2000, 'https://img.ssafy.coffee/shop/1/menu/83/cc3d8e1d65e322b80ef06627d94ba5fd32b699fb1a982776fc84b29bf01525c7.jpg', 0, 0, 11, 1),
        (84, '시나몬 크룽지', '', 2000, 'https://img.ssafy.coffee/shop/1/menu/84/7cb098059121bf6546a7e32fc005a023a62fc8d3f54694406bc799ca49f00345.jpg', 0, 0, 11, 1),
        (85, '달고나다크초콜릿', '', 2500, 'https://img.ssafy.coffee/shop/1/menu/85/dfd2fc369aa108fc37690d549f8d304d48c2d8c75181414614aaddd01d198417.jpg', 0, 0, 11, 1),
        (86, '브리틀밀크초콜릿', '', 2500, 'https://img.ssafy.coffee/shop/1/menu/86/46f1233c03ea458bc1d9bd2db9750aa1c12beb8d49aee0eaa4ed985a4fb16370.jpg', 0, 0, 11, 1),
        (87, '생크림카스테라 화이트', '', 5000, 'https://img.ssafy.coffee/shop/1/menu/87/1b966d6c143951efb88f32c58ff247c5165260661a5ce34d7b925cb20715ed76.jpg', 0, 0, 11, 1),
        (88, '달콤블랙벨벳케익', '은은한 체리 향이 매력적인 초코 시트 케익', 4000, 'https://img.ssafy.coffee/shop/1/menu/88/cdd1708fcd8e8b9e165c5c354fc54ec2f4ae49b652cdf6cb6238e9ab59b9910c.jpg', 0, 0, 11, 1),
        (89, '모카마카롱', '커피와 초콜릿향이 담긴 마카롱', 2300, 'https://img.ssafy.coffee/shop/1/menu/89/16066b0f1260fbc23a2e339be7ea8102487af2c608c931dc5196d25a76384071.jpg', 0, 0, 11, 1),
        (90, '바닐라마카롱', '바닐라향이 담긴 마카롱', 2300, 'https://img.ssafy.coffee/shop/1/menu/90/033ec7e22d761caa41362ab9de8cebf78c884c9e74b12a875cb39833091d7611.jpg', 0, 0, 11, 1),
        (91, '산딸기마카롱', '산딸기향이 담긴 마카롱', 2300, 'https://img.ssafy.coffee/shop/1/menu/91/94565e8dd85ccf0a2ea7c94efbd7fa6affae7a0ca608c2c9004ad85d3d7afaf8.jpg', 0, 0, 11, 1),
        (92, '초코마카롱', '초콜릿향이 담긴 마카롱', 2300, 'https://img.ssafy.coffee/shop/1/menu/92/ea3e26f398a9d596397a8613878ed17bcdebe4348b5d59c6c4cfac1bc71b5e1e.jpg', 0, 0, 11, 1),
        (93, '카라멜마카롱', '캬라멜향이 담긴 마카롱', 2300, 'https://img.ssafy.coffee/shop/1/menu/93/7934399fd650a79f715ece75c0c2a8d51823ca23a72d0d636fdb14afa59aae86.jpg', 0, 0, 11, 1),
        (94, '뉴욕치즈케익', '진한 치즈향과 부드럽게 구워진 치즈케이크', 4000, 'https://img.ssafy.coffee/shop/1/menu/94/e03e51ccca0027b1388d79fbd1ccc857fb592263a9f4070d4b57b0ff453dc9b2.jpg', 0, 0, 11, 1),
        (95, '티라미수', '진한 커피향과 초코 향이 더해진 부드러운 케이크', 3500, 'https://img.ssafy.coffee/shop/1/menu/95/89ce30d0a92bc50691c470228ebc025e27e07f7e361ef85b4942dc256d10a770.jpg', 0, 0, 11, 1),
        (96, '딸기 블라썸 밀크티', '[추천] Sugar50% ／ Ice고정', 5300, 'https://img.ssafy.coffee/shop/2/menu/96/77e18f3f997f229e3532d998f21da0ad63341ae736abac342075db1ea5756b00.jpg', 0, 0, 12, 2),
        (97, '딸기 블라썸 스무디', 'Sugar고정 ／ Ice고정', 5700, 'https://img.ssafy.coffee/shop/2/menu/97/31ad4211ad33fe540b00f31c3a461b5a0c1e0c3b81c1541fcc275f0dfc188717.jpg', 0, 0, 12, 2),
        (98, '딸기 바닐라 쥬얼리 밀크티', '[추천] Sugar50% ／ Ice고정', 5500, 'https://img.ssafy.coffee/shop/2/menu/98/48e6893b74552c7d2fc884fa1c5d93271dafb6b53eececc02b14c43746ddebd7.jpg', 0, 0, 12, 2),
        (99, '뱅쇼 얼그레이', '[추천] Sugar30% ／ Ice고정', 4900, 'https://img.ssafy.coffee/shop/2/menu/99/532ef37bd1f36923aecca1716c9cd8181401daea70202121fc0ecb45c014f8d8.jpg', 0, 0, 12, 2),
        (100, '（HOT）뱅쇼 얼그레이', '[추천] Sugar30%', 4900, 'https://img.ssafy.coffee/shop/2/menu/100/fc17b0349efec0adf2f71865b034d77a69550d35db3e4dc42eae526083906881.jpg', 0, 0, 12, 2),
        (101, '블랙밀크티＋펄 L', '공차 대표 메뉴 블랙밀크티와 쫄깃쫄깃한 펄의 콤비네이션', 4700, 'https://img.ssafy.coffee/shop/2/menu/101/87494c802a7966a1d5a1446503ab9f8a4ad9be0520c1cd72e32134a63093520a.jpg', 0, 0, 13, 2),
        (102, '블랙밀크티＋펄 J', '공차 대표 메뉴 블랙밀크티와 쫄깃쫄깃한 펄의 콤비네이션', 5900, 'https://img.ssafy.coffee/shop/2/menu/102/61e1d48b6e519ad24fe438f6e4c1ea836fbdac35786e39de3dd8dbbe53c1a454.jpg', 0, 0, 13, 2),
        (103, '타로밀크티＋펄 L', '고소한 타로밀크티와 쫀득한 펄이 만난 공차의 베스트 셀러', 4700, 'https://img.ssafy.coffee/shop/2/menu/103/fcd32eb630e0ffcd7b5a1c417496b315dbf0bf1416d309ff42e020fba56ff2b0.jpg', 0, 0, 13, 2),
        (104, '타로밀크티＋펄 J', '고소한 타로밀크티와 쫀득한 펄이 만난 공차의 베스트 셀러', 5900, 'https://img.ssafy.coffee/shop/2/menu/104/f959174635da968f9c94f889ccdc4752c024a9457306e697330bc0639e198346.jpg', 0, 0, 13, 2),
        (105, '우롱티＋코코넛＋밀크폼 L', '', 4700, 'https://img.ssafy.coffee/shop/2/menu/105/ae51a22fa0ed29052b07a5860379e533fe13d5915e33854210043bffff106aa3.jpg', 0, 0, 13, 2),
        (106, '우롱티＋코코넛＋밀크폼 J', '', 6100, 'https://img.ssafy.coffee/shop/2/menu/106/ae51a22fa0ed29052b07a5860379e533fe13d5915e33854210043bffff106aa3.jpg', 0, 0, 13, 2),
        (107, '청귤 스파클링 티 ＋ 알로에', 'Sugar고정 ／ Ice고정', 5500, 'https://img.ssafy.coffee/shop/2/menu/107/57bac7c383ad7192228cbc06aa615057ceebce4035d1998ca94bf4ffb9408d0a.jpg', 0, 0, 13, 2),
        (108, '자몽그린티＋알로에 L', '', 5000, 'https://img.ssafy.coffee/shop/2/menu/108/91b9919a53912060fba7d64fb742313a7b1fe72c0b0d99f90a99e0d45faa724b.jpg', 0, 0, 13, 2),
        (109, '자몽그린티＋알로에 J', '', 6200, 'https://img.ssafy.coffee/shop/2/menu/109/91b9919a53912060fba7d64fb742313a7b1fe72c0b0d99f90a99e0d45faa724b.jpg', 0, 0, 13, 2),
        (110, '망고요구르트＋화이트펄 L', '달콤한 망고 과육과 요구르트에 화이트펄의 꼬들꼬들함이 느껴지는 주스', 5200, 'https://img.ssafy.coffee/shop/2/menu/110/22d2a343211533a5888c7659af15bfc5f9021a3796eca961b0a1dd8a42c468b1.jpg', 0, 0, 13, 2),
        (111, '망고요구르트＋화이트펄 J', '달콤한 망고 과육과 요구르트에 화이트펄의 꼬들꼬들함이 느껴지는 주스', 6400, 'https://img.ssafy.coffee/shop/2/menu/111/22d2a343211533a5888c7659af15bfc5f9021a3796eca961b0a1dd8a42c468b1.jpg', 0, 0, 13, 2),
        (112, '（HOT）자몽 그린티 L', '[추천] Sugar50%', 4800, 'https://img.ssafy.coffee/shop/2/menu/112/7f42ee5d977c7c071b3706dcb168e379a78d7ffe1d90e88f644629a2279b1189.jpg', 0, 0, 14, 2),
        (113, '（HOT）자몽 그린티 J', '[추천] Sugar50%', 5900, 'https://img.ssafy.coffee/shop/2/menu/113/7f42ee5d977c7c071b3706dcb168e379a78d7ffe1d90e88f644629a2279b1189.jpg', 0, 0, 14, 2),
        (114, '（HOT）청포도 그린티 L', '[추천] Sugar50%', 4800, 'https://img.ssafy.coffee/shop/2/menu/114/c3d799366542ddff403dd0c419f6b0e837eabd5180666598b7a58809831facc6.jpg', 0, 0, 14, 2),
        (115, '（HOT）청포도 그린티 J', '[추천] Sugar50%', 5900, 'https://img.ssafy.coffee/shop/2/menu/115/c3d799366542ddff403dd0c419f6b0e837eabd5180666598b7a58809831facc6.jpg', 0, 0, 14, 2),
        (116, '（HOT）패션 프룻 히비스커스 L', '[추천] Sugar50%', 4800, 'https://img.ssafy.coffee/shop/2/menu/116/84d1547fcbb3894d351a8f96ea09707cd9c46128e24d3e2d527e9315c09c317e.jpg', 0, 0, 14, 2),
        (117, '（HOT）패션 프룻 히비스커스 J', '[추천] Sugar50%', 5900, 'https://img.ssafy.coffee/shop/2/menu/117/84d1547fcbb3894d351a8f96ea09707cd9c46128e24d3e2d527e9315c09c317e.jpg', 0, 0, 14, 2),
        (118, '（HOT）우롱 밀크티 L', '', 4500, 'https://img.ssafy.coffee/shop/2/menu/118/854f82eddaaa2236bb43d94a70d70b5725183755bad5f25206ebe245dcd933b1.jpg', 0, 0, 14, 2),
        (119, '（HOT）블랙 밀크티 L', '', 4500, 'https://img.ssafy.coffee/shop/2/menu/119/7255d91913be4ed956c12ca096da3d503acee9cf2a5c46709ae58b028e111080.jpg', 0, 0, 14, 2),
        (120, '（HOT）얼그레이 밀크티 L', '', 4500, 'https://img.ssafy.coffee/shop/2/menu/120/247ec2d5fef781360cd168e76d579c67198d62826884d065f0d28356956f3f90.jpg', 0, 0, 14, 2),
        (121, '（HOT）타로 밀크티 L', '', 4500, 'https://img.ssafy.coffee/shop/2/menu/121/55bea6d40e9a67b2d8b7d537aeea83178310658d73e912f854be6bb2054d8055.jpg', 0, 0, 14, 2),
        (122, '（HOT）초콜렛 밀크티 L', '', 4500, 'https://img.ssafy.coffee/shop/2/menu/122/40bec6feeebc41435132b7049d0ec73ca59266e18e1d78a00675a7ea31a56d52.jpg', 0, 0, 14, 2),
        (123, '（HOT）제주그린밀크티 L', '', 4900, 'https://img.ssafy.coffee/shop/2/menu/123/6029e0f553ff3798a47d18c397e56b612c1af44e9fb3c18819a3ead3d42e458f.jpg', 0, 0, 14, 2),
        (124, '（HOT）브라운슈가 쥬얼리 밀크티', '', 5500, 'https://img.ssafy.coffee/shop/2/menu/124/120e471ff6f998a03aedab83190040c0d2463eeedc19f7fb782825d87bac9284.jpg', 0, 0, 14, 2),
        (125, '（HOT）블랙밀크티＋펄 L', '', 4700, 'https://img.ssafy.coffee/shop/2/menu/125/6b1098dc6c21e2f2913c2f973324dcd7e3dd2e82589529afce17d648b2f2d599.jpg', 0, 0, 14, 2),
        (126, '（HOT）타로밀크티＋펄 L', '', 4700, 'https://img.ssafy.coffee/shop/2/menu/126/4e779e89516ae59a542d516e77e5d4c2d36c98ce3ebdbe92bc4dd80d0be74396.jpg', 0, 0, 14, 2),
        (127, '（HOT）자스민 그린티 L', '', 4000, 'https://img.ssafy.coffee/shop/2/menu/127/adcff1887e92c1f183e456f68f36cfa800838cfd39727924489c33ecc22dd258.jpg', 0, 0, 14, 2),
        (128, '（HOT）우롱티 L', '', 4000, 'https://img.ssafy.coffee/shop/2/menu/128/d139f4c2024dc1b451d3caaf9e6549e29a465958f1e43faf97067f794ed260cc.jpg', 0, 0, 14, 2),
        (129, '（HOT）블랙티 L', '', 4000, 'https://img.ssafy.coffee/shop/2/menu/129/c9380fa947db6266720fd2bbf78dc410811a144c61e6bf86800bd17938e070bc.jpg', 0, 0, 14, 2),
        (130, '（HOT）얼그레이티 L', '', 4000, 'https://img.ssafy.coffee/shop/2/menu/130/34c5592a213846fbac64eaa2815bb3ac7db1f6ed9bc1cf830d39536c4ade12c8.jpg', 0, 0, 14, 2),
        (131, '（HOT）바닐라 카페라떼 L', '', 4500, 'https://img.ssafy.coffee/shop/2/menu/131/5d878d8b011d581917d0df9ffa70e53aeacf77dc191ab04a53c550cdb19f0b68.jpg', 0, 0, 14, 2),
        (132, '（HOT）아메리카노 L', '', 3700, 'https://img.ssafy.coffee/shop/2/menu/132/966210ee346da889a08d31cd19730637704b1596da09b7abb2ebb3d712ad8654.jpg', 0, 0, 14, 2),
        (133, '（HOT）카페라떼 L', '', 4200, 'https://img.ssafy.coffee/shop/2/menu/133/ad331c00354f6ddd8987bd0a3fee3b5046cb57efd057bd1b31b6a3c830c23323.jpg', 0, 0, 14, 2),
        (134, '우롱 밀크티 L', '묵직하고 깊은 향의 우롱차에 밀크가 더해진 우롱밀크티', 4500, 'https://img.ssafy.coffee/shop/2/menu/134/8ffdb450da737d1a9d6aa5735352dbd01979491e679306986b60d321967e2776.jpg', 0, 0, 15, 2),
        (135, '우롱 밀크티 J', '묵직하고 깊은 향의 우롱차에 밀크가 더해진 우롱밀크티', 5600, 'https://img.ssafy.coffee/shop/2/menu/135/8ffdb450da737d1a9d6aa5735352dbd01979491e679306986b60d321967e2776.jpg', 0, 0, 15, 2),
        (136, '블랙 밀크티 L', '진한 향과 맛을 느낄 수 있는 블랙티（홍차）와 밀크의 만남', 4500, 'https://img.ssafy.coffee/shop/2/menu/136/c7838d75926d4df8471951f6952fc69540d286a3be7ce4a368605c0e51750f8d.jpg', 0, 0, 15, 2),
        (137, '블랙 밀크티 J', '진한 향과 맛을 느낄 수 있는 블랙티（홍차）와 밀크의 만남', 5600, 'https://img.ssafy.coffee/shop/2/menu/137/c7838d75926d4df8471951f6952fc69540d286a3be7ce4a368605c0e51750f8d.jpg', 0, 0, 15, 2),
        (138, '얼그레이 밀크티 L', '베르가못 향의 얼그레이티（홍차）와 밀크가 부드러운 조화를 이루는 밀크티', 4500, 'https://img.ssafy.coffee/shop/2/menu/138/effa3584c578e38f71682c20854a0260d2e23a9e8995b613f92cca1bfb872777.jpg', 0, 0, 15, 2),
        (139, '얼그레이 밀크티 J', '베르가못 향의 얼그레이티（홍차）와 밀크가 부드러운 조화를 이루는 밀크티', 5600, 'https://img.ssafy.coffee/shop/2/menu/139/dd2287973d8951b4ef722c5f66468c684caadeee1829938ad94bbab1fdd69692.jpg', 0, 0, 15, 2),
        (140, '타로 밀크티 L', '타로의 고소함과 밀크의 조합', 4500, 'https://img.ssafy.coffee/shop/2/menu/140/11cd6cc8dd6d652dbdec1125082dd270b03d09f4d5373d083e246d7a2af39c62.jpg', 0, 0, 15, 2),
        (141, '타로 밀크티 J', '타로의 고소함과 밀크의 조합', 5600, 'https://img.ssafy.coffee/shop/2/menu/141/11cd6cc8dd6d652dbdec1125082dd270b03d09f4d5373d083e246d7a2af39c62.jpg', 0, 0, 15, 2),
        (142, '초콜렛 밀크티 L', '부드러운 밀크에 녹아든 진한 초콜렛을 느낄 수 있는 초콜렛 밀크티', 4500, 'https://img.ssafy.coffee/shop/2/menu/142/7a5803e0cb2a1f94ed35a53b94559cb7d992d86b52b367de1499037b1cbb5e67.jpg', 0, 0, 15, 2),
        (143, '초콜렛 밀크티 J', '부드러운 밀크에 녹아든 진한 초콜렛을 느낄 수 있는 초콜렛 밀크티', 5600, 'https://img.ssafy.coffee/shop/2/menu/143/7a5803e0cb2a1f94ed35a53b94559cb7d992d86b52b367de1499037b1cbb5e67.jpg', 0, 0, 15, 2),
        (144, '제주그린밀크티 L', '제주 녹차를 사용하여 쌉싸름한 맛과 달콤한 맛이 어우러진 밀크티', 4900, 'https://img.ssafy.coffee/shop/2/menu/144/3cf4b0344f8446f99a64ce50a08abdfee7fa9e8e19b36caf345202bf7ab46aa7.jpg', 0, 0, 15, 2),
        (145, '제주그린밀크티 J', '제주 녹차를 사용하여 쌉싸름한 맛과 달콤한 맛이 어우러진 밀크티', 6000, 'https://img.ssafy.coffee/shop/2/menu/145/3cf4b0344f8446f99a64ce50a08abdfee7fa9e8e19b36caf345202bf7ab46aa7.jpg', 0, 0, 15, 2),
        (146, '브라운슈가 쥬얼리 밀크티', 'Sugar고정 ／ Ice고정', 5500, 'https://img.ssafy.coffee/shop/2/menu/146/dc60155e25a7b6df2d2352311fb2fc6142dbfb33e271e4a42da0eee74615e5dc.jpg', 0, 0, 15, 2),
        (147, '딸기 쥬얼리 밀크티', '[추천] Sugar70% ／ Ice고정', 5300, 'https://img.ssafy.coffee/shop/2/menu/147/e3ce214f24f8cd65a1044d08316596af4e853ef15cf032e0cea91f547685d335.jpg', 0, 0, 15, 2),
        (148, '초코멜로 블랙티 스무디', '', 5700, 'https://img.ssafy.coffee/shop/2/menu/148/a6ae7d2bba07e06e3b1eee1510c71b212829ae4eccdcb843e84d23d61282ad1f.jpg', 0, 0, 16, 2),
        (149, '망고 스무디', '농축된 달콤한 망고와 밀크를 함께 갈아만든 망고 스무디', 5700, 'https://img.ssafy.coffee/shop/2/menu/149/ff278b5dcf4ff7dffe4b624f08edb58090349c73a4d3b2dce2434fa4d856bb7c.jpg', 0, 0, 16, 2),
        (150, '초콜렛쿠키&크림 스무디', '진한 초코 스무디에 바삭한 쿠키와 밀크폼이 더해진 스무디', 5300, 'https://img.ssafy.coffee/shop/2/menu/150/557f31e7edee1ecc873f2c9fa4437b0a7899f7a656f53cee4cd442925c7804d7.jpg', 0, 0, 16, 2),
        (151, '청포도 스무디', '시원달콤한 청포도과즙과 알로에 알갱이가 쏙쏙 들어오는 재미가 일품인 청포도 스무디', 5300, 'https://img.ssafy.coffee/shop/2/menu/151/27920bdd8b51ddbefb93359b9dfef6097e5d1d30df235cbcee8da10c80089cf5.jpg', 0, 0, 16, 2),
        (152, '제주 그린 스무디', '녹차가루와 부드러운 밀크폼을 함께 즐길 수 있는 제주 그린티 스무디', 5700, 'https://img.ssafy.coffee/shop/2/menu/152/39e32a2df9accd31643061cc2937822d2f6f858fe817cd83c8dc1f1687b0b280.jpg', 0, 0, 16, 2),
        (153, '딸기 쿠키 스무디', '얼그레이티로 만든 밀크 스무디에 달콤한 딸기와 바삭한 쿠키를 더한 스무디', 5700, 'https://img.ssafy.coffee/shop/2/menu/153/b30db64a28f55f577560f5a8cbce43a71b32ed191f2505c90bb2aafdefe67a73.jpg', 0, 0, 16, 2),
        (154, '딸기 쥬얼리 요구르트 크러쉬', 'Sugar고정 ／ Ice고정', 5500, 'https://img.ssafy.coffee/shop/2/menu/154/d61cfe49b2cf6137abdeff11b2b3a3dc16cdb71945ff13f4c055111a880a4609.jpg', 0, 0, 16, 2),
        (155, '자스민 그린티 L', '향긋한 자스민 꽃잎을 함께 우려내는 그린티', 4000, 'https://img.ssafy.coffee/shop/2/menu/155/79a835a8e6d3806b0fc06eea50ea2aeeae15ab1859ed6b4b4e948a7b74496315.jpg', 0, 0, 17, 2),
        (156, '자스민 그린티 J', '향긋한 자스민 꽃잎을 함께 우려내는 그린티', 5100, 'https://img.ssafy.coffee/shop/2/menu/156/2e96ef0a6e75d02f7269b5d98a291c8048559e75d688e63db35dcd6fda37dcbf.jpg', 0, 0, 17, 2),
        (157, '우롱티 L', '묵직하고 깊은 향을 간직한 고소한 우롱차', 4000, 'https://img.ssafy.coffee/shop/2/menu/157/12d0c7f0f5ed35ed824c0788d9c2c79d89e89eb83c36ac730a15924b20976d49.jpg', 0, 0, 17, 2),
        (158, '우롱티 J', '묵직하고 깊은 향을 간직한 고소한 우롱차', 5100, 'https://img.ssafy.coffee/shop/2/menu/158/cb8675f8e60a6b743c6f33eb1dbacbffcb08ff71dc018f5cb6572612e0f782c6.jpg', 0, 0, 17, 2),
        (159, '블랙티 L', '진한 향과 감미로운 맛을 느낄 수있는 대표적인 홍차, 블랙티', 4000, 'https://img.ssafy.coffee/shop/2/menu/159/60189615932cf11cd482c0a98793f8d9784ace7c7f151951b768c9b519357a0e.jpg', 0, 0, 17, 2),
        (160, '블랙티 J', '진한 향과 감미로운 맛을 느낄 수있는 대표적인 홍차, 블랙티', 5100, 'https://img.ssafy.coffee/shop/2/menu/160/991943eb7d0b86269446b3f5be3a775e96571e1b0168772b5066f5a3e22e611b.jpg', 0, 0, 17, 2),
        (161, '얼그레이티 L', '향긋한 베르가못향이 가미된 얼그레이티', 4000, 'https://img.ssafy.coffee/shop/2/menu/161/becb16d73b5edde51980fd9d8a52d9ef808ba847d64ffb9a17584a68a7e9a3a4.jpg', 0, 0, 17, 2),
        (162, '얼그레이티 J', '향긋한 베르가못향이 가미된 얼그레이티', 5100, 'https://img.ssafy.coffee/shop/2/menu/162/dd45e1ae1437c6985c216b0d398ea643fca83ec724886f23ec954a6def831f01.jpg', 0, 0, 17, 2),
        (163, '트로피칼 스파클링 티', '', 5300, 'https://img.ssafy.coffee/shop/2/menu/163/2ca64f9f96767c10cf679c703058336eb734f644461c2aed2ecaec5e889d1f7f.jpg', 0, 0, 18, 2),
        (164, '청귤 스파클링 티', '', 5300, 'https://img.ssafy.coffee/shop/2/menu/164/63b8b7458e4b277f28e739ef1a5c43b7f98e229b81b3413cfc239cba36cc9a14.jpg', 0, 0, 18, 2),
        (165, '오리지널 콤부차', '', 5100, 'https://img.ssafy.coffee/shop/2/menu/165/d0d6d0cf3b5dbb7fbdcdef045aea605724cc92f2d573da968041e1d3814a44ca.jpg', 0, 0, 18, 2),
        (166, '패션 프룻 히비스커스 콤부차', '', 5100, 'https://img.ssafy.coffee/shop/2/menu/166/895ae9be30158fbb0b8c1eaba495f9d9da602f0c201f783ff884dbdebe86211e.jpg', 0, 0, 18, 2),
        (167, '블랙 스파클링 티', '', 4300, 'https://img.ssafy.coffee/shop/2/menu/167/b19af2527f3bd990969ac8d01eb640f73c39b97d8305e9bbb7b750ac2a24ea8f.jpg', 0, 0, 18, 2),
        (168, '얼그레이 스파클링 티', '', 4300, 'https://img.ssafy.coffee/shop/2/menu/168/0e7a3ade94be0a99ff52bd870448f257db312fcd06e717eef8bc291bad4bc9ca.jpg', 0, 0, 18, 2),
        (169, '우롱 스파클링 티', '', 4300, 'https://img.ssafy.coffee/shop/2/menu/169/9c76c2767b542e138e2cb97e52611361b20f2c3364bc24f32b41889c3eb28dc2.jpg', 0, 0, 18, 2),
        (170, '자스민 그린 스파클링 티', '', 4300, 'https://img.ssafy.coffee/shop/2/menu/170/576e75bc74c363054f038d791e13e1288f6e9b5195fe59297249761c156b7bee.jpg', 0, 0, 18, 2),
        (171, '패션 프룻 히비스커스 L', '새콤달콤한 패션 프룻& 히비스커스의 조화가 돋보이는 카페인 Free  티', 4800, 'https://img.ssafy.coffee/shop/2/menu/171/607bb9f07cc632cf143ce54e230f05a8fd92c344a5cf98ff6bb5774b613a258e.jpg', 0, 0, 19, 2),
        (172, '패션 프룻 히비스커스 J', '새콤달콤한 패션 프룻& 히비스커스의 조화가 돋보이는 카페인 Free  티', 5900, 'https://img.ssafy.coffee/shop/2/menu/172/607bb9f07cc632cf143ce54e230f05a8fd92c344a5cf98ff6bb5774b613a258e.jpg', 0, 0, 19, 2),
        (173, '청포도 그린티 L', '쌉싸름한 그린티에 상큼한 청포도 넣어 청량하고 달콤한 그린티', 4800, 'https://img.ssafy.coffee/shop/2/menu/173/f56d8a9243783693a6899f4c860d53abc7eb46a883cfb1ce66ea29cc8ad08d6e.jpg', 0, 0, 19, 2),
        (174, '청포도 그린티 J', '쌉싸름한 그린티에 상큼한 청포도 넣어 청량하고 달콤한 그린티', 5900, 'https://img.ssafy.coffee/shop/2/menu/174/f56d8a9243783693a6899f4c860d53abc7eb46a883cfb1ce66ea29cc8ad08d6e.jpg', 0, 0, 19, 2),
        (175, '자몽 그린티 L', '달콤하고 쌉싸름한 자몽과 로즈마리가 만드는 새로운 하모니의 그린티', 4800, 'https://img.ssafy.coffee/shop/2/menu/175/16f40e949527b2cc63338b377580b463b5cce31281f4075ce03d8236d37914a6.jpg', 0, 0, 19, 2),
        (176, '자몽 그린티 J', '달콤하고 쌉싸름한 자몽과 로즈마리가 만드는 새로운 하모니의 그린티', 5900, 'https://img.ssafy.coffee/shop/2/menu/176/16f40e949527b2cc63338b377580b463b5cce31281f4075ce03d8236d37914a6.jpg', 0, 0, 19, 2),
        (177, '망고 요구르트 L', '농축된 달콤한 망고의 입자와 새콤한 요구르트의 조합, 망고 요구르트', 5000, 'https://img.ssafy.coffee/shop/2/menu/177/40883f4b4bf2548ad3400192f9cc3268793946b435bebb9ed74756606e657db2.jpg', 0, 0, 19, 2),
        (178, '망고 요구르트 J', '농축된 달콤한 망고의 입자와 새콤한 요구르트의 조합, 망고 요구르트', 6100, 'https://img.ssafy.coffee/shop/2/menu/178/40883f4b4bf2548ad3400192f9cc3268793946b435bebb9ed74756606e657db2.jpg', 0, 0, 19, 2),
        (179, '망고 쥬스 L', '농축된 달콤한 망고의 입자가 느껴지는 달콤한 망고 주스', 4600, 'https://img.ssafy.coffee/shop/2/menu/179/13323ce6f36e5e7c27a965a06c32fc9703aea3d7e39ce8f654928b58fd151888.jpg', 0, 0, 19, 2),
        (180, '망고 쥬스 J', '농축된 달콤한 망고의 입자가 느껴지는 달콤한 망고 주스', 5700, 'https://img.ssafy.coffee/shop/2/menu/180/13323ce6f36e5e7c27a965a06c32fc9703aea3d7e39ce8f654928b58fd151888.jpg', 0, 0, 19, 2),
        (181, '공차슈페너', '', 4300, 'https://img.ssafy.coffee/shop/2/menu/181/297a75deb272a3daa572f4e90395d4a979b5dd5c0d043ed9ff0550cc76762259.jpg', 0, 0, 20, 2),
        (182, '바닐라 카페라떼 L', '진한 커피에 마다가스카르산 바닐라빈이 더해져 달콤하고 깊은 풍미를 느낄 수 있는 공차만의 커피 음료', 4500, 'https://img.ssafy.coffee/shop/2/menu/182/a6a5f10fb60ad3765ccc635cde3c34f2468b79f9c64aaa180ae91af98c54e9fa.jpg', 0, 0, 20, 2),
        (183, '바닐라 카페라떼 J', '진한 커피에 마다가스카르산 바닐라빈이 더해져 달콤하고 깊은 풍미를 느낄 수 있는 공차만의 커피 음료', 5600, 'https://img.ssafy.coffee/shop/2/menu/183/a6a5f10fb60ad3765ccc635cde3c34f2468b79f9c64aaa180ae91af98c54e9fa.jpg', 0, 0, 20, 2),
        (184, '아메리카노 L', '브라질, 콜롬비아 외 대표적인 원두 5가지를 블렌딩하여 찾은 최적의 맛', 3700, 'https://img.ssafy.coffee/shop/2/menu/184/92ca3475ae2c7c2d51d070b343895282a99cf59d2813ee92e75996132db66a39.jpg', 0, 0, 20, 2),
        (185, '아메리카노 J', '브라질, 콜롬비아 외 대표적인 원두 5가지를 블렌딩하여 찾은 최적의 맛', 4200, 'https://img.ssafy.coffee/shop/2/menu/185/92ca3475ae2c7c2d51d070b343895282a99cf59d2813ee92e75996132db66a39.jpg', 0, 0, 20, 2),
        (186, '카페라떼 L', '진하고 부드러운 공차의 새로운 커피', 4200, 'https://img.ssafy.coffee/shop/2/menu/186/92e6e075c4ecfc57358719ec6b3759faf17ff42fc101cbbff0232cbcf19c81c3.jpg', 0, 0, 20, 2),
        (187, '카페라떼 J', '진하고 부드러운 공차의 새로운 커피', 5300, 'https://img.ssafy.coffee/shop/2/menu/187/92e6e075c4ecfc57358719ec6b3759faf17ff42fc101cbbff0232cbcf19c81c3.jpg', 0, 0, 20, 2),
        (188, '사우어 하트모양 구미', '', 1900, 'https://img.ssafy.coffee/shop/2/menu/188/52d3df938c4d3f71238260333e36e57327ce1605f674681cf1826f1d0f0fddaf.jpg', 0, 0, 21, 2),
        (189, '얼그레이 티 리프 마들렌', '', 2400, 'https://img.ssafy.coffee/shop/2/menu/189/cda9a0f97a1985c46415375842be82e8dda82edd68a225165cb5e0371a26a9ea.jpg', 0, 0, 21, 2),
        (190, '그린티 마들렌', '', 2600, 'https://img.ssafy.coffee/shop/2/menu/190/8c7b0921cf18474282cde688dbeaa914ffdcf4c4601b960a520cccda45119a73.jpg', 0, 0, 21, 2),
        (191, '레드벨벳 마들렌', '', 2600, 'https://img.ssafy.coffee/shop/2/menu/191/856f694a2d6639ce3cf78fa426d06b2d96695bb7e31bf66fe7e454b979194a82.jpg', 0, 0, 21, 2),
        (192, '공차 우유 앙빵', '（7개입） 부드러운 우유 앙금으로 더욱 촉촉한 플레인 우유 앙빵', 8900, 'https://img.ssafy.coffee/shop/2/menu/192/9dab07fe3f2216a41fdfce306154fdd0621310868f2ec6cef213114a6cc849b7.jpg', 0, 0, 21, 2),
        (193, '공차 블랙티 앙빵', '（7개입） 콕콕 박힌 홍차 잎의 향긋한 향과 부드러운 우유 앙금이 조화로운 블랙티 앙빵', 8900, 'https://img.ssafy.coffee/shop/2/menu/193/a25ac9f9fd04d983bf503bd2d54d07cc931c070e414436715eedf320cb35ab83.jpg', 0, 0, 21, 2),
        (194, '공차 그린티 앙빵', '（7개입） 진한 국내산 그린 티의 쌉쌀한 맛과 부드러운 우유 앙금이 조화로운 그린티 앙빵', 8900, 'https://img.ssafy.coffee/shop/2/menu/194/1cc61c41eb0a3bfd36cbff21b7578b18e1b8ad7e92ccc929dc2f8034ed0741ce.jpg', 0, 0, 21, 2),
        (195, '연유 크림 카스텔라', '', 4500, 'https://img.ssafy.coffee/shop/2/menu/195/57f34fa25ee18030fb1c32e6b8e456755629c5b041f4064870821d85909ce8dd.jpg', 0, 0, 21, 2),
        (196, '스틱 치즈케익', '순수한 맛과 깊은 풍미의 끼리 프리미엄 크림치즈를 이용한 부드럽고 깊은 맛을 즐길 수 있는 스틱 형태의 프리미엄 치즈케익', 2300, 'https://img.ssafy.coffee/shop/2/menu/196/2408b4cf0a0fe86cde54c743dec69def7df78fb0961bfcc5345e5ea02c7f422a.jpg', 0, 0, 21, 2),
        (197, '쿠키앤크림 스틱 치즈케익', '순수한 맛과 깊은 풍미의 끼리 프리미엄 크림치즈와 쿠키앤크림이 만나 고급스럽고 달콤하게 즐길 수 있는 스틱 형태의 프리미엄 치즈케익', 2300, 'https://img.ssafy.coffee/shop/2/menu/197/92302b6d714f090831ecddc5de9959d27c23fc4cb198ff7a13d38a74c062b9ab.jpg', 0, 0, 21, 2),
        (198, '요구르트 슈스틱', '기다란 슈안에 상큼한 요구르트슈크림를 듬뿍 넣어 만든 시원하게 즐기는 아이스 슈스틱', 1800, 'https://img.ssafy.coffee/shop/2/menu/198/970f9fa15f579510b39f1a0d442059b24d84d9b300a93fcaf00ae96b108fcebe.jpg', 0, 0, 21, 2),
        (199, '초코 슈스틱', '기다란 슈안에 달콤한 초코슈크림을 듬뿍 넣어 만든시원하게 즐기는 아이스 슈스틱', 1800, 'https://img.ssafy.coffee/shop/2/menu/199/e1aaf3b4d82ca008e423357d6569e0936c91321d0ad289f922b8294900f47b2c.jpg', 0, 0, 21, 2),
        (200, '브라우니쿠키', '', 3800, 'https://img.ssafy.coffee/shop/2/menu/200/21e3526feb74a56d20b9a1331390b3a08eee74defd57f8ae01f3c3f5da18a3d8.jpg', 0, 0, 21, 2),
        (201, '공차 클래식 밀크티（10T）', '공차만의 프리미엄 블렌딩 레시피를 언제 어디서나 간편하게 물로 진하게 즐기는 스틱 타입의 밀크티', 6500, 'https://img.ssafy.coffee/shop/2/menu/201/dec0e8549697522dbcd4902ab60f88009f33945fb4998bf82e2723faf2068b35.jpg', 0, 0, 21, 2),
        (202, '공차 제주 그린 밀크티（10T）', '공차만의 프리미엄 블렌딩 레시피를 언제 어디서나 간편하게 물로 진하게 즐기는 스틱 타입의 밀크티', 6500, 'https://img.ssafy.coffee/shop/2/menu/202/1eb96cd7c1ad2d66d518bb73d88009564d30384cb07db1bb071992daa3901ab4.jpg', 0, 0, 21, 2),
        (203, '공차 딸기 얼그레이 밀크티（10T）', '공차만의 프리미엄 블렌딩 레시피를 언제 어디서나 간편하게 물로 진하게 즐기는 스틱 타입의 밀크티', 6500, 'https://img.ssafy.coffee/shop/2/menu/203/6465402e00e2629ff0f8166495dece3faaded84bb4da414a9b9251a52370c1ce.jpg', 0, 0, 21, 2),
        (204, '공차 허니 자몽 블랙티（10T）', '공차만의 프리미엄 블렌딩 레시피를 언제 어디서나 간편하게 물로 진하게 즐기는 스틱 타입의 액상티', 4500, 'https://img.ssafy.coffee/shop/2/menu/204/6bf68ac7fc64d168d7a650808168c5b9f65bfe46c85d2a8ecc025f9d7ae77202.jpg', 0, 0, 21, 2),
        (205, '공차 애플 히비스커스 티（10T）', '공차만의 프리미엄 블렌딩 레시피를 언제 어디서나 간편하게 물로 진하게 즐기는 스틱 타입의 액상티', 4500, 'https://img.ssafy.coffee/shop/2/menu/205/4bd2a4784b17afcac6361f6dccce4662facf37a42bdae855a117beaabdb9503d.jpg', 0, 0, 21, 2),
        (206, '뽀로로 ／ 밀크', '', 1500, 'https://img.ssafy.coffee/shop/2/menu/206/b61231f0dfe13e2dbf037b796d4486ec250f098b2da299bf8800963abe90d08e.jpg', 0, 0, 22, 2),
        (207, '뽀로로  ／ 딸기', '', 1500, 'https://img.ssafy.coffee/shop/2/menu/207/c2f9f8497d2b909e0fb01ab9e8b24e722b628ab9827dbd3f45ea6e7bf5f0dce8.jpg', 0, 0, 22, 2);

insert into option_categories (option_category_id, name, required, max_count, deleted, shop_id)
values  (1, '당도 추가 선택', 0, 2, 0, 1),
        (2, '추가 선택', 0, 2, 0, 1),
        (3, '휘핑 선택', 1, null, 0, 1),
        (4, '추가 선택', 0, 2, 0, 1),
        (5, '와플 선택', 1, null, 0, 1),
        (6, '와플 옵션 선택', 0, 1, 0, 1),
        (7, '샷 선택', 0, 3, 0, 1),
        (8, '음료 선택', 1, null, 0, 1),
        (9, '휘핑 선택（카페모카, 모카자바칩프라페만 해당）', 0, 3, 0, 1),
        (10, '당도 추가 선택', 0, 3, 0, 1),
        (11, '추가 선택', 0, 4, 0, 1),
        (12, '음료 선택1', 1, null, 0, 1),
        (13, '휘핑 선택1（카페모카, 모카자바칩프라페만 해당）', 0, 3, 0, 1),
        (14, '샷 선택1', 0, 3, 0, 1),
        (15, '당도 추가 선택1', 0, 3, 0, 1),
        (16, '추가 선택1', 0, 4, 0, 1),
        (17, '음료 선택2', 1, null, 0, 1),
        (18, '휘핑 선택2（카페모카,모카자바칩프라페만 해당）', 0, 3, 0, 1),
        (19, '샷 선택2', 0, 3, 0, 1),
        (20, '당도 추가 선택2', 0, 3, 0, 1),
        (21, '추가 선택2', 0, 4, 0, 1),
        (22, '마카롱 선택', 1, null, 0, 1),
        (23, 'HOT or ICE 선택1', 1, null, 0, 1),
        (24, '당도 추가 선택1', 0, 2, 0, 1),
        (25, 'HOT or ICE 선택2', 1, null, 0, 1),
        (26, '당도 추가 선택2', 0, 2, 0, 1),
        (27, 'HOT or ICE 선택3', 1, null, 0, 1),
        (28, '샷 선택3', 0, 3, 0, 1),
        (29, '당도 추가 선택3', 0, 2, 0, 1),
        (30, '추가 선택3', 0, 4, 0, 1),
        (31, 'HOT or ICE 선택4', 1, null, 0, 1),
        (32, '샷 선택4', 0, 3, 0, 1),
        (33, '당도 추가 선택4', 0, 2, 0, 1),
        (34, '추가 선택4', 0, 4, 0, 1),
        (35, 'HOT or ICE 선택5', 1, null, 0, 1),
        (36, '샷 선택5', 0, 3, 0, 1),
        (37, '당도 추가 선택5', 0, 2, 0, 1),
        (38, '추가 선택5', 0, 4, 0, 1),
        (39, 'HOT or ICE 선택6', 1, null, 0, 1),
        (40, '샷 선택6', 0, 3, 0, 1),
        (41, '당도 추가 선택6', 0, 2, 0, 1),
        (42, '추가 선택6', 0, 4, 0, 1),
        (43, '샷 선택', 1, null, 0, 1),
        (44, 'HOT or ICE 선택', 1, null, 0, 1),
        (45, '시나몬 파우더 선택', 1, null, 0, 1),
        (46, '샷 선택', 0, 3, 0, 1),
        (47, '당도 추가 선택', 0, 3, 0, 1),
        (48, '추가 선택', 0, 3, 0, 1),
        (49, '추가 선택', 0, 3, 0, 1),
        (50, '추가 선택', 0, 4, 0, 1),
        (51, '아몬드 토핑 선택', 1, null, 0, 1),
        (52, '추가 선택', 0, 3, 0, 1),
        (53, '추가 선택', 0, 2, 0, 1),
        (54, '추가 선택', 0, 1, 0, 1),
        (55, '와플 선택', 1, null, 0, 1),
        (56, 'TOPPINGS', 0, 1, 0, 2),
        (57, 'SUGAR', 1, null, 0, 2),
        (58, 'COLD', 1, null, 0, 2),
        (59, 'SUGAR', 1, null, 0, 2),
        (60, 'HOT', 1, null, 0, 2),
        (61, 'TOPPINGS', 0, 1, 0, 2),
        (62, 'TOPPINGS', 0, 2, 0, 2),
        (63, 'ICE', 1, null, 0, 2),
        (64, 'TOPPINGS', 0, 2, 0, 2),
        (65, 'TOPPINGS', 0, 1, 0, 2),
        (66, 'SUGAR', 1, null, 0, 2),
        (67, 'TOPPINGS', 0, 3, 0, 2),
        (68, 'TOPPINGS', 0, 3, 0, 2),
        (69, 'SUGAR', 1, null, 0, 2),
        (70, 'TOPPINGS', 0, 2, 0, 2),
        (71, 'TOPPINGS', 0, 3, 0, 2),
        (72, 'TOPPINGS', 0, 3, 0, 2),
        (73, 'TOPPINGS', 0, 2, 0, 2),
        (74, 'TOPPINGS', 0, 3, 0, 2),
        (75, 'TOPPINGS', 0, 1, 0, 2),
        (76, 'TOPPINGS', 0, 1, 0, 2),
        (77, '제공방법', 1, null, 0, 2);

insert into options (option_id, name, price, deleted, option_category_id, shop_id)
values  (1, '설탕시럽 1펌프 추가', 0, 0, 1, 1),
        (2, '설탕시럽 2펌프 추가', 0, 0, 1, 1),
        (3, '펄 추가', 700, 0, 2, 1),
        (4, '휘핑크림', 500, 0, 2, 1),
        (5, '휘핑 제공', 0, 0, 3, 1),
        (6, '휘핑 미제공', 0, 0, 3, 1),
        (7, '휘핑 적게', 0, 0, 3, 1),
        (8, '샷 추가', 500, 0, 4, 1),
        (9, '펄 추가 （ICE 음료만 가능）', 700, 0, 4, 1),
        (10, '사과생크림와플', 0, 0, 5, 1),
        (11, '시나몬카라멜와플', 500, 0, 5, 1),
        (12, '오레오생크림와플', 500, 0, 5, 1),
        (13, '시나몬파우더 제공（시나몬카라멜 와플만 해당）', 0, 0, 6, 1),
        (14, '시나몬파우더 미제공（시나몬카라멜 와플만 해당）', 0, 0, 6, 1),
        (15, '선택 안함', 0, 0, 7, 1),
        (16, '연하게', 0, 0, 7, 1),
        (17, '샷 추가', 500, 0, 7, 1),
        (18, '아메리카노 （HOT）', 0, 0, 8, 1),
        (19, '아메리카노 （ICE）', 0, 0, 8, 1),
        (20, '카페라떼 （HOT）', 1400, 0, 8, 1),
        (21, '카페라떼 （ICE）', 1400, 0, 8, 1),
        (22, '카푸치노 （HOT）', 1400, 0, 8, 1),
        (23, '바닐라라떼 （HOT）', 1800, 0, 8, 1),
        (24, '바닐라라떼 （ICE）', 1800, 0, 8, 1),
        (25, '헤이즐넛라떼 （HOT）', 1800, 0, 8, 1),
        (26, '헤이즐넛라떼 （ICE）', 1800, 0, 8, 1),
        (27, '카라멜마끼아또 （HOT）', 1800, 0, 8, 1),
        (28, '카라멜마끼아또 （ICE）', 1800, 0, 8, 1),
        (29, '카페모카 （HOT）', 2000, 0, 8, 1),
        (30, '카페모카 （ICE）', 2000, 0, 8, 1),
        (31, '돌체라떼 （HOT）', 2300, 0, 8, 1),
        (32, '돌체라떼 （ICE）', 2300, 0, 8, 1),
        (33, '흑당카페라떼 （ICE）', 2300, 0, 8, 1),
        (34, '아인슈패너라떼 （ICE）', 2700, 0, 8, 1),
        (35, '커피밀크쉐이크 （ICE）', 3000, 0, 8, 1),
        (36, '모카자바칩프라페 （ICE）', 3000, 0, 8, 1),
        (37, '달고나라떼 （ICE）', 2500, 0, 8, 1),
        (38, '더치커피 （HOT）', 1800, 0, 8, 1),
        (39, '더치커피 （ICE）', 1800, 0, 8, 1),
        (40, '더치라떼 （HOT）', 2300, 0, 8, 1),
        (41, '더치라떼 （ICE）', 2300, 0, 8, 1),
        (42, '아인슈패너', 2700, 0, 8, 1),
        (43, '디카페인 더치커피 （HOT）', 2000, 0, 8, 1),
        (44, '디카페인 더치커피 （ICE）', 2000, 0, 8, 1),
        (45, '디카페인 더치라떼 （HOT）', 2500, 0, 8, 1),
        (46, '디카페인 더치라떼 （ICE）', 2500, 0, 8, 1),
        (47, '휘핑 제공', 0, 0, 9, 1),
        (48, '휘핑 미제공', 0, 0, 9, 1),
        (49, '휘핑 적게', 0, 0, 9, 1),
        (50, '덜달게', 0, 0, 10, 1),
        (51, '설탕시럽 1펌프 추가', 0, 0, 10, 1),
        (52, '설탕시럽 2펌프 추가', 0, 0, 10, 1),
        (53, '바닐라 시럽 추가', 500, 0, 11, 1),
        (54, '헤이즐넛 시럽 추가', 500, 0, 11, 1),
        (55, '펄 추가', 700, 0, 11, 1),
        (56, '휘핑크림', 500, 0, 11, 1),
        (57, '아메리카노 （HOT）', 0, 0, 12, 1),
        (58, '아메리카노 （ICE）', 0, 0, 12, 1),
        (59, '카페라떼 （HOT）', 1400, 0, 12, 1),
        (60, '카페라떼 （ICE）', 1400, 0, 12, 1),
        (61, '카푸치노 （HOT）', 1400, 0, 12, 1),
        (62, '바닐라라떼 （HOT）', 1800, 0, 12, 1),
        (63, '바닐라라떼 （ICE）', 1800, 0, 12, 1),
        (64, '헤이즐넛라떼 （HOT）', 1800, 0, 12, 1),
        (65, '헤이즐넛라떼 （ICE）', 1800, 0, 12, 1),
        (66, '카라멜마끼아또 （HOT）', 1800, 0, 12, 1),
        (67, '카라멜마끼아또 （ICE）', 1800, 0, 12, 1),
        (68, '카페모카 （HOT）', 2000, 0, 12, 1),
        (69, '카페모카 （ICE）', 2000, 0, 12, 1),
        (70, '돌체라떼 （HOT）', 2300, 0, 12, 1),
        (71, '돌체라떼 （ICE）', 2300, 0, 12, 1),
        (72, '흑당카페라떼 （ICE）', 2300, 0, 12, 1),
        (73, '아인슈패너라떼 （ICE）', 2700, 0, 12, 1),
        (74, '커피밀크쉐이크 （ICE）', 3000, 0, 12, 1),
        (75, '모카자바칩프라페 （ICE）', 3000, 0, 12, 1),
        (76, '달고나라떼 （ICE）', 2500, 0, 12, 1),
        (77, '더치커피 （HOT）', 1800, 0, 12, 1),
        (78, '더치커피 （ICE）', 1800, 0, 12, 1),
        (79, '더치라떼 （HOT）', 2300, 0, 12, 1),
        (80, '더치라떼 （ICE）', 2300, 0, 12, 1),
        (81, '아인슈패너', 2700, 0, 12, 1),
        (82, '디카페인 더치커피 （HOT）', 2000, 0, 12, 1),
        (83, '디카페인 더치커피 （ICE）', 2000, 0, 12, 1),
        (84, '디카페인 더치라떼 （HOT）', 2500, 0, 12, 1),
        (85, '디카페인 더치라떼 （ICE）', 2500, 0, 12, 1),
        (86, '휘핑 제공', 0, 0, 13, 1),
        (87, '휘핑 미제공', 0, 0, 13, 1),
        (88, '휘핑 적게', 0, 0, 13, 1),
        (89, '선택 안함', 0, 0, 14, 1),
        (90, '연하게', 0, 0, 14, 1),
        (91, '샷 추가', 500, 0, 14, 1),
        (92, '덜달게', 0, 0, 15, 1),
        (93, '설탕시럽 1펌프 추가', 0, 0, 15, 1),
        (94, '설탕시럽 2펌프 추가', 0, 0, 15, 1),
        (95, '바닐라 시럽 추가', 500, 0, 16, 1),
        (96, '헤이즐넛 시럽 추가', 500, 0, 16, 1),
        (97, '펄 추가（ICE 음료만가능）', 700, 0, 16, 1),
        (98, '휘핑크림', 500, 0, 16, 1),
        (99, '아메리카노 （HOT）', 0, 0, 17, 1),
        (100, '아메리카노 （ICE）', 0, 0, 17, 1),
        (101, '카페라떼 （HOT）', 1400, 0, 17, 1),
        (102, '카페라떼 （ICE）', 1400, 0, 17, 1),
        (103, '카푸치노 （HOT）', 1400, 0, 17, 1),
        (104, '바닐라라떼 （HOT）', 1800, 0, 17, 1),
        (105, '바닐라라떼 （ICE）', 1800, 0, 17, 1),
        (106, '헤이즐넛라떼 （HOT）', 1800, 0, 17, 1),
        (107, '헤이즐넛라떼 （ICE）', 1800, 0, 17, 1),
        (108, '카라멜마끼아또 （HOT）', 1800, 0, 17, 1),
        (109, '카라멜마끼아또 （ICE）', 1800, 0, 17, 1),
        (110, '카페모카 （HOT）', 2000, 0, 17, 1),
        (111, '카페모카 （ICE）', 2000, 0, 17, 1),
        (112, '돌체라떼 （HOT）', 2300, 0, 17, 1),
        (113, '돌체라떼 （ICE）', 2300, 0, 17, 1),
        (114, '흑당카페라떼 （ICE）', 2300, 0, 17, 1),
        (115, '아인슈패너라떼 （ICE）', 2700, 0, 17, 1),
        (116, '커피밀크쉐이크 （ICE）', 3000, 0, 17, 1),
        (117, '모카자바칩프라페 （ICE）', 3000, 0, 17, 1),
        (118, '달고나라떼 （ICE）', 2500, 0, 17, 1),
        (119, '더치커피 （HOT）', 1800, 0, 17, 1),
        (120, '더치커피 （ICE）', 1800, 0, 17, 1),
        (121, '더치라떼 （HOT）', 2300, 0, 17, 1),
        (122, '더치라떼 （ICE）', 2300, 0, 17, 1),
        (123, '아인슈패너', 2700, 0, 17, 1),
        (124, '디카페인 더치커피 （HOT）', 2000, 0, 17, 1),
        (125, '디카페인 더치커피 （ICE）', 2000, 0, 17, 1),
        (126, '디카페인 더치라떼 （HOT）', 2500, 0, 17, 1),
        (127, '디카페인 더치라떼 （ICE）', 2500, 0, 17, 1),
        (128, '휘핑 제공', 0, 0, 18, 1),
        (129, '휘핑 미제공', 0, 0, 18, 1),
        (130, '휘핑 적게', 0, 0, 18, 1),
        (131, '선택 안함', 0, 0, 19, 1),
        (132, '연하게', 0, 0, 19, 1),
        (133, '샷 추가', 500, 0, 19, 1),
        (134, '덜달게', 0, 0, 20, 1),
        (135, '설탕시럽 1펌프 추가', 0, 0, 20, 1),
        (136, '설탕시럽 2펌프 추가', 0, 0, 20, 1),
        (137, '바닐라 시럽 추가', 500, 0, 21, 1),
        (138, '헤이즐넛 시럽 추가', 500, 0, 21, 1),
        (139, '펄 추가 （ICE 음료만 가능）', 700, 0, 21, 1),
        (140, '휘핑 크림', 500, 0, 21, 1),
        (141, '모카마카롱', 0, 0, 22, 1),
        (142, '바닐라마카롱', 0, 0, 22, 1),
        (143, '산딸기마카롱', 0, 0, 22, 1),
        (144, '초코마카롱', 0, 0, 22, 1),
        (145, '카라멜마카롱', 0, 0, 22, 1),
        (146, '블루베리마카롱', 0, 0, 22, 1),
        (147, 'HOT', 0, 0, 23, 1),
        (148, 'ICE', 0, 0, 23, 1),
        (149, '설탕시럽 1펌프 추가', 0, 0, 24, 1),
        (150, '설탕시럽 2펌프 추가', 0, 0, 24, 1),
        (151, 'HOT', 0, 0, 25, 1),
        (152, 'ICE', 0, 0, 25, 1),
        (153, '설탕시럽 1펌프 추가', 0, 0, 26, 1),
        (154, '설탕시럽 2펌프 추가', 0, 0, 26, 1),
        (155, 'HOT', 0, 0, 27, 1),
        (156, 'ICE', 0, 0, 27, 1),
        (157, '선택 안함', 0, 0, 28, 1),
        (158, '연하게', 0, 0, 28, 1),
        (159, '샷 추가', 500, 0, 28, 1),
        (160, '선택 안함', 0, 0, 29, 1),
        (161, '연하게', 0, 0, 29, 1),
        (162, '바닐라 시럽 추가', 500, 0, 30, 1),
        (163, '헤이즐넛 시럽 추가', 500, 0, 30, 1),
        (164, '펄 추가 （ICE 음료만 가능）', 700, 0, 30, 1),
        (165, '휘핑 크림', 500, 0, 30, 1),
        (166, 'HOT', 0, 0, 31, 1),
        (167, 'ICE', 0, 0, 31, 1),
        (168, '선택 안함', 0, 0, 32, 1),
        (169, '연하게', 0, 0, 32, 1),
        (170, '샷 추가', 500, 0, 32, 1),
        (171, '설탕시럽 1펌프 추가', 0, 0, 33, 1),
        (172, '설탕시럽 2펌프 추가', 0, 0, 33, 1),
        (173, '바닐라 시럽 추가', 500, 0, 34, 1),
        (174, '헤이즐넛 시럽 추가', 500, 0, 34, 1),
        (175, '펄 추가 （ICE 음료만 가능）', 700, 0, 34, 1),
        (176, '휘핑 크림', 500, 0, 34, 1),
        (177, 'HOT', 0, 0, 35, 1),
        (178, 'ICE', 0, 0, 35, 1),
        (179, '선택 안함', 0, 0, 36, 1),
        (180, '연하게', 0, 0, 36, 1),
        (181, '샷 추가', 500, 0, 36, 1),
        (182, '설탕시럽 1펌프 추가', 0, 0, 37, 1),
        (183, '설탕시럽 2펌프 추가', 0, 0, 37, 1),
        (184, '바닐라 시럽 추가', 500, 0, 38, 1),
        (185, '헤이즐넛 시럽 추가', 500, 0, 38, 1),
        (186, '펄 추가 （ICE 음료만 가능）', 700, 0, 38, 1),
        (187, '휘핑 크림', 500, 0, 38, 1),
        (188, 'HOT', 0, 0, 39, 1),
        (189, 'ICE', 0, 0, 39, 1),
        (190, '선택 안함', 0, 0, 40, 1),
        (191, '연하게', 0, 0, 40, 1),
        (192, '샷 추가', 500, 0, 40, 1),
        (193, '설탕시럽 1펌프 추가', 0, 0, 41, 1),
        (194, '설탕시럽 2펌프 추가', 0, 0, 41, 1),
        (195, '바닐라 시럽 추가', 500, 0, 42, 1),
        (196, '헤이즐넛 시럽 추가', 500, 0, 42, 1),
        (197, '펄 추가 （ICE 음료만 가능）', 700, 0, 42, 1),
        (198, '휘핑 크림', 500, 0, 42, 1),
        (199, '선택 안함', 0, 0, 43, 1),
        (200, '샷 추가', 500, 0, 43, 1),
        (201, 'HOT', 0, 0, 44, 1),
        (202, 'ICE', 0, 0, 44, 1),
        (203, '시나몬 파우더 제공', 0, 0, 45, 1),
        (204, '시나몬 파우더 미제공', 0, 0, 45, 1),
        (205, '선택 안함', 0, 0, 46, 1),
        (206, '연하게', 0, 0, 46, 1),
        (207, '샷 추가', 500, 0, 46, 1),
        (208, '덜달게', 0, 0, 47, 1),
        (209, '설탕시럽 1펌프 추가', 0, 0, 47, 1),
        (210, '설탕시럽 2펌프 추가', 0, 0, 47, 1),
        (211, '헤이즐넛 시럽 추가', 500, 0, 48, 1),
        (212, '바닐라 시럽 추가', 500, 0, 48, 1),
        (213, '펄 추가（ICE 음료만 가능）', 700, 0, 48, 1),
        (214, '바닐라 시럽 추가', 500, 0, 49, 1),
        (215, '헤이즐넛 시럽 추가', 500, 0, 49, 1),
        (216, '펄 추가 （ICE 음료만 가능）', 700, 0, 49, 1),
        (217, '바닐라 시럽 추가', 500, 0, 50, 1),
        (218, '헤이즐넛 시럽 추가', 500, 0, 50, 1),
        (219, '펄 추가 （ICE 음료만 가능）', 700, 0, 50, 1),
        (220, '샷 추가', 500, 0, 50, 1),
        (221, '아몬드 토핑 제공', 0, 0, 51, 1),
        (222, '아몬드 토핑 미제공', 0, 0, 51, 1),
        (223, '샷 추가', 500, 0, 52, 1),
        (224, '휘핑크림 추가', 500, 0, 52, 1),
        (225, '펄 추가 （ICE 음료만 가능）', 700, 0, 52, 1),
        (226, '휘핑크림', 500, 0, 53, 1),
        (227, '펄 추가 （ICE 음료만 가능）', 700, 0, 53, 1),
        (228, '펄 추가', 700, 0, 54, 1),
        (229, '선택 안함', 0, 0, 55, 1),
        (230, '휘핑 적게', 0, 0, 55, 1),
        (231, '휘핑크림 추가', 500, 0, 55, 1),
        (232, '펄', 500, 0, 56, 2),
        (233, '화이트펄', 500, 0, 56, 2),
        (234, '알로에', 500, 0, 56, 2),
        (235, '코코넛', 500, 0, 56, 2),
        (236, '밀크폼', 500, 0, 56, 2),
        (237, '치즈폼', 700, 0, 56, 2),
        (238, '50%', 0, 0, 57, 2),
        (239, '100%', 0, 0, 57, 2),
        (240, '70%', 0, 0, 57, 2),
        (241, '30%', 0, 0, 57, 2),
        (242, '0%', 0, 0, 57, 2),
        (243, 'COLD', 0, 0, 58, 2),
        (244, '30%', 0, 0, 59, 2),
        (245, '100%', 0, 0, 59, 2),
        (246, '70%', 0, 0, 59, 2),
        (247, '50%', 0, 0, 59, 2),
        (248, '0%', 0, 0, 59, 2),
        (249, 'HOT', 0, 0, 60, 2),
        (250, '펄', 500, 0, 61, 2),
        (251, '코코넛', 500, 0, 61, 2),
        (252, '밀크폼', 500, 0, 61, 2),
        (253, '치즈폼', 700, 0, 61, 2),
        (254, '펄', 500, 0, 62, 2),
        (255, '화이트펄', 500, 0, 62, 2),
        (256, '알로에', 500, 0, 62, 2),
        (257, '코코넛', 500, 0, 62, 2),
        (258, '밀크폼', 500, 0, 62, 2),
        (259, '치즈폼', 700, 0, 62, 2),
        (260, '펄x2', 1000, 0, 62, 2),
        (261, '화이트펄x2', 1000, 0, 62, 2),
        (262, '알로에x2', 1000, 0, 62, 2),
        (263, '코코넛x2', 1000, 0, 62, 2),
        (264, '밀크폼x2', 1000, 0, 62, 2),
        (265, '치즈폼x2', 1400, 0, 62, 2),
        (266, 'Regular Ice', 0, 0, 63, 2),
        (267, 'Full Ice', 0, 0, 63, 2),
        (268, 'Less Ice', 0, 0, 63, 2),
        (269, '코코넛', 700, 0, 64, 2),
        (270, '밀크폼', 700, 0, 64, 2),
        (271, '펄', 700, 0, 64, 2),
        (272, '알로에', 700, 0, 64, 2),
        (273, '화이트펄', 700, 0, 64, 2),
        (274, '치즈폼', 900, 0, 64, 2),
        (275, '펄x2', 1400, 0, 64, 2),
        (276, '화이트펄x2', 1400, 0, 64, 2),
        (277, '알로에x2', 1400, 0, 64, 2),
        (278, '코코넛x2', 1400, 0, 64, 2),
        (279, '밀크폼x2', 1400, 0, 64, 2),
        (280, '치즈폼x2', 1800, 0, 64, 2),
        (281, '코코넛', 700, 0, 65, 2),
        (282, '밀크폼', 700, 0, 65, 2),
        (283, '펄', 700, 0, 65, 2),
        (284, '알로에', 700, 0, 65, 2),
        (285, '화이트펄', 700, 0, 65, 2),
        (286, '치즈폼', 900, 0, 65, 2),
        (287, '0%', 0, 0, 66, 2),
        (288, '100%', 0, 0, 66, 2),
        (289, '70%', 0, 0, 66, 2),
        (290, '50%', 0, 0, 66, 2),
        (291, '30%', 0, 0, 66, 2),
        (292, '펄', 500, 0, 67, 2),
        (293, '코코넛', 500, 0, 67, 2),
        (294, '밀크폼', 500, 0, 67, 2),
        (295, '치즈폼', 700, 0, 67, 2),
        (296, '펄x2', 1000, 0, 67, 2),
        (297, '코코넛x2', 1000, 0, 67, 2),
        (298, '밀크폼x2', 1000, 0, 67, 2),
        (299, '치즈폼x2', 1400, 0, 67, 2),
        (300, '펄', 700, 0, 68, 2),
        (301, '코코넛', 700, 0, 68, 2),
        (302, '밀크폼', 700, 0, 68, 2),
        (303, '치즈폼', 900, 0, 68, 2),
        (304, '펄X2', 1400, 0, 68, 2),
        (305, '코코넛X2', 1400, 0, 68, 2),
        (306, '밀크폼X2', 1400, 0, 68, 2),
        (307, '치즈폼X2', 1800, 0, 68, 2),
        (308, '70%', 0, 0, 69, 2),
        (309, '100%', 0, 0, 69, 2),
        (310, '50%', 0, 0, 69, 2),
        (311, '30%', 0, 0, 69, 2),
        (312, '0%', 0, 0, 69, 2),
        (313, '펄', 500, 0, 70, 2),
        (314, '코코넛', 500, 0, 70, 2),
        (315, '밀크폼', 500, 0, 70, 2),
        (316, '치즈폼', 700, 0, 70, 2),
        (317, '펄x2', 1000, 0, 70, 2),
        (318, '코코넛x2', 1000, 0, 70, 2),
        (319, '밀크폼x2', 1000, 0, 70, 2),
        (320, '치즈폼x2', 1400, 0, 70, 2),
        (321, '펄', 500, 0, 71, 2),
        (322, '화이트펄', 500, 0, 71, 2),
        (323, '알로에', 500, 0, 71, 2),
        (324, '코코넛', 500, 0, 71, 2),
        (325, '밀크폼', 500, 0, 71, 2),
        (326, '치즈폼', 700, 0, 71, 2),
        (327, '펄x2', 1000, 0, 71, 2),
        (328, '화이트펄x2', 1000, 0, 71, 2),
        (329, '알로에x2', 1000, 0, 71, 2),
        (330, '코코넛x2', 1000, 0, 71, 2),
        (331, '밀크폼x2', 1000, 0, 71, 2),
        (332, '치즈폼x2', 1400, 0, 71, 2),
        (333, '코코넛', 700, 0, 72, 2),
        (334, '밀크폼', 700, 0, 72, 2),
        (335, '펄', 700, 0, 72, 2),
        (336, '알로에', 700, 0, 72, 2),
        (337, '화이트펄', 700, 0, 72, 2),
        (338, '치즈폼', 900, 0, 72, 2),
        (339, '펄x2', 1400, 0, 72, 2),
        (340, '화이트펄x2', 1400, 0, 72, 2),
        (341, '알로에x2', 1400, 0, 72, 2),
        (342, '코코넛x2', 1400, 0, 72, 2),
        (343, '밀크폼x2', 1400, 0, 72, 2),
        (344, '치즈폼x2', 1800, 0, 72, 2),
        (345, '딸기쥬얼리', 900, 0, 73, 2),
        (346, '딸기쥬얼리X2', 1800, 0, 73, 2),
        (347, '펄', 500, 0, 73, 2),
        (348, '화이트펄', 500, 0, 73, 2),
        (349, '알로에', 500, 0, 73, 2),
        (350, '코코넛', 500, 0, 73, 2),
        (351, '밀크폼', 500, 0, 73, 2),
        (352, '치즈폼', 700, 0, 73, 2),
        (353, '펄x2', 1000, 0, 73, 2),
        (354, '화이트펄x2', 1000, 0, 73, 2),
        (355, '알로에x2', 1000, 0, 73, 2),
        (356, '코코넛x2', 1000, 0, 73, 2),
        (357, '밀크폼x2', 1000, 0, 73, 2),
        (358, '치즈폼x2', 1400, 0, 73, 2),
        (359, '딸기쥬얼리', 900, 0, 74, 2),
        (360, '딸기쥬얼리X2', 1800, 0, 74, 2),
        (361, '펄', 500, 0, 74, 2),
        (362, '화이트펄', 500, 0, 74, 2),
        (363, '알로에', 500, 0, 74, 2),
        (364, '코코넛', 500, 0, 74, 2),
        (365, '밀크폼', 500, 0, 74, 2),
        (366, '치즈폼', 700, 0, 74, 2),
        (367, '펄x2', 1000, 0, 74, 2),
        (368, '화이트펄x2', 1000, 0, 74, 2),
        (369, '알로에x2', 1000, 0, 74, 2),
        (370, '코코넛x2', 1000, 0, 74, 2),
        (371, '밀크폼x2', 1000, 0, 74, 2),
        (372, '치즈폼x2', 1400, 0, 74, 2),
        (373, '화이트펄', 500, 0, 75, 2),
        (374, '알로에', 500, 0, 75, 2),
        (375, '코코넛', 500, 0, 75, 2),
        (376, '펄', 500, 0, 76, 2),
        (377, '화이트펄', 500, 0, 76, 2),
        (378, '알로에', 500, 0, 76, 2),
        (379, '코코넛', 500, 0, 76, 2),
        (380, '밀크폼', 500, 0, 76, 2),
        (381, '치즈폼', 700, 0, 76, 2),
        (382, '배달포장', 0, 0, 77, 2);

insert into menus_option_categories (menu_id, option_category_id)
values  (1, 1),
        (2, 1),
        (3, 1),
        (4, 1),
        (9, 1),
        (10, 1),
        (11, 1),
        (12, 1),
        (13, 1),
        (20, 1),
        (21, 1),
        (22, 1),
        (23, 1),
        (24, 1),
        (25, 1),
        (26, 1),
        (56, 1),
        (57, 1),
        (58, 1),
        (59, 1),
        (60, 1),
        (61, 1),
        (62, 1),
        (63, 1),
        (64, 1),
        (65, 1),
        (66, 1),
        (1, 2),
        (4, 2),
        (10, 2),
        (39, 2),
        (2, 3),
        (3, 3),
        (17, 3),
        (28, 3),
        (29, 3),
        (32, 3),
        (33, 3),
        (35, 3),
        (38, 3),
        (47, 3),
        (48, 3),
        (49, 3),
        (50, 3),
        (51, 3),
        (2, 4),
        (3, 4),
        (28, 4),
        (29, 4),
        (32, 4),
        (33, 4),
        (35, 4),
        (38, 4),
        (52, 4),
        (5, 5),
        (6, 5),
        (7, 5),
        (5, 6),
        (6, 6),
        (7, 6),
        (81, 6),
        (5, 7),
        (7, 7),
        (11, 7),
        (12, 7),
        (13, 7),
        (14, 7),
        (15, 7),
        (16, 7),
        (18, 7),
        (19, 7),
        (24, 7),
        (5, 8),
        (7, 8),
        (5, 9),
        (7, 9),
        (5, 10),
        (7, 10),
        (14, 10),
        (15, 10),
        (16, 10),
        (18, 10),
        (19, 10),
        (27, 10),
        (28, 10),
        (29, 10),
        (30, 10),
        (31, 10),
        (32, 10),
        (33, 10),
        (34, 10),
        (35, 10),
        (36, 10),
        (37, 10),
        (38, 10),
        (39, 10),
        (40, 10),
        (41, 10),
        (42, 10),
        (43, 10),
        (44, 10),
        (45, 10),
        (46, 10),
        (47, 10),
        (48, 10),
        (49, 10),
        (50, 10),
        (51, 10),
        (52, 10),
        (53, 10),
        (54, 10),
        (55, 10),
        (72, 10),
        (73, 10),
        (74, 10),
        (75, 10),
        (76, 10),
        (5, 11),
        (7, 11),
        (9, 11),
        (11, 11),
        (12, 11),
        (13, 11),
        (14, 11),
        (15, 11),
        (16, 11),
        (18, 11),
        (19, 11),
        (21, 11),
        (22, 11),
        (24, 11),
        (25, 11),
        (26, 11),
        (6, 12),
        (6, 13),
        (6, 14),
        (8, 14),
        (6, 15),
        (6, 16),
        (8, 16),
        (6, 17),
        (6, 18),
        (6, 19),
        (8, 19),
        (6, 20),
        (6, 21),
        (8, 21),
        (7, 22),
        (8, 23),
        (8, 24),
        (8, 25),
        (8, 26),
        (8, 27),
        (8, 28),
        (8, 29),
        (8, 30),
        (8, 31),
        (8, 32),
        (8, 33),
        (8, 34),
        (8, 35),
        (8, 36),
        (8, 37),
        (8, 38),
        (8, 39),
        (8, 40),
        (8, 41),
        (8, 42),
        (9, 43),
        (10, 43),
        (20, 43),
        (11, 44),
        (12, 44),
        (14, 44),
        (15, 44),
        (16, 44),
        (17, 44),
        (18, 44),
        (21, 44),
        (22, 44),
        (25, 44),
        (26, 44),
        (30, 44),
        (31, 44),
        (32, 44),
        (33, 44),
        (34, 44),
        (35, 44),
        (37, 44),
        (67, 44),
        (68, 44),
        (69, 44),
        (70, 44),
        (71, 44),
        (72, 44),
        (73, 44),
        (74, 44),
        (75, 44),
        (76, 44),
        (13, 45),
        (17, 46),
        (17, 47),
        (17, 48),
        (20, 49),
        (23, 49),
        (27, 50),
        (30, 51),
        (30, 52),
        (31, 52),
        (34, 52),
        (36, 52),
        (37, 52),
        (72, 52),
        (73, 52),
        (74, 52),
        (75, 52),
        (76, 52),
        (40, 53),
        (41, 53),
        (42, 53),
        (43, 53),
        (44, 53),
        (45, 53),
        (46, 53),
        (53, 53),
        (54, 53),
        (55, 53),
        (56, 53),
        (57, 53),
        (58, 53),
        (59, 53),
        (60, 53),
        (61, 53),
        (62, 53),
        (63, 53),
        (64, 53),
        (65, 53),
        (66, 53),
        (47, 54),
        (48, 54),
        (49, 54),
        (50, 54),
        (51, 54),
        (79, 55),
        (80, 55),
        (81, 55),
        (82, 55),
        (96, 56),
        (97, 56),
        (99, 56),
        (105, 56),
        (146, 56),
        (181, 56),
        (182, 56),
        (96, 57),
        (98, 57),
        (101, 57),
        (102, 57),
        (103, 57),
        (104, 57),
        (105, 57),
        (106, 57),
        (108, 57),
        (109, 57),
        (112, 57),
        (113, 57),
        (114, 57),
        (115, 57),
        (116, 57),
        (117, 57),
        (118, 57),
        (119, 57),
        (120, 57),
        (121, 57),
        (123, 57),
        (125, 57),
        (126, 57),
        (127, 57),
        (128, 57),
        (129, 57),
        (130, 57),
        (131, 57),
        (132, 57),
        (133, 57),
        (134, 57),
        (135, 57),
        (136, 57),
        (137, 57),
        (138, 57),
        (139, 57),
        (140, 57),
        (141, 57),
        (144, 57),
        (145, 57),
        (155, 57),
        (156, 57),
        (157, 57),
        (158, 57),
        (159, 57),
        (160, 57),
        (161, 57),
        (162, 57),
        (165, 57),
        (166, 57),
        (171, 57),
        (172, 57),
        (173, 57),
        (174, 57),
        (175, 57),
        (176, 57),
        (181, 57),
        (182, 57),
        (183, 57),
        (96, 58),
        (97, 58),
        (98, 58),
        (99, 58),
        (101, 58),
        (102, 58),
        (103, 58),
        (104, 58),
        (105, 58),
        (106, 58),
        (107, 58),
        (108, 58),
        (109, 58),
        (110, 58),
        (111, 58),
        (134, 58),
        (135, 58),
        (136, 58),
        (137, 58),
        (138, 58),
        (139, 58),
        (140, 58),
        (141, 58),
        (142, 58),
        (143, 58),
        (144, 58),
        (145, 58),
        (146, 58),
        (147, 58),
        (148, 58),
        (149, 58),
        (150, 58),
        (151, 58),
        (152, 58),
        (153, 58),
        (155, 58),
        (156, 58),
        (157, 58),
        (158, 58),
        (159, 58),
        (160, 58),
        (161, 58),
        (162, 58),
        (163, 58),
        (164, 58),
        (165, 58),
        (166, 58),
        (167, 58),
        (168, 58),
        (169, 58),
        (170, 58),
        (171, 58),
        (172, 58),
        (173, 58),
        (174, 58),
        (175, 58),
        (176, 58),
        (177, 58),
        (178, 58),
        (179, 58),
        (180, 58),
        (181, 58),
        (182, 58),
        (183, 58),
        (184, 58),
        (185, 58),
        (186, 58),
        (187, 58),
        (99, 59),
        (100, 59),
        (167, 59),
        (168, 59),
        (169, 59),
        (170, 59),
        (177, 59),
        (178, 59),
        (179, 59),
        (180, 59),
        (100, 60),
        (112, 60),
        (113, 60),
        (114, 60),
        (115, 60),
        (116, 60),
        (117, 60),
        (118, 60),
        (119, 60),
        (120, 60),
        (121, 60),
        (122, 60),
        (123, 60),
        (124, 60),
        (125, 60),
        (126, 60),
        (127, 60),
        (128, 60),
        (129, 60),
        (130, 60),
        (131, 60),
        (132, 60),
        (133, 60),
        (100, 61),
        (124, 61),
        (131, 61),
        (101, 62),
        (103, 62),
        (108, 62),
        (110, 62),
        (150, 62),
        (151, 62),
        (152, 62),
        (101, 63),
        (102, 63),
        (103, 63),
        (104, 63),
        (105, 63),
        (106, 63),
        (108, 63),
        (109, 63),
        (110, 63),
        (111, 63),
        (134, 63),
        (135, 63),
        (136, 63),
        (137, 63),
        (138, 63),
        (139, 63),
        (140, 63),
        (141, 63),
        (142, 63),
        (143, 63),
        (155, 63),
        (156, 63),
        (157, 63),
        (158, 63),
        (159, 63),
        (160, 63),
        (161, 63),
        (162, 63),
        (171, 63),
        (172, 63),
        (173, 63),
        (174, 63),
        (175, 63),
        (176, 63),
        (177, 63),
        (178, 63),
        (179, 63),
        (180, 63),
        (102, 64),
        (104, 64),
        (109, 64),
        (111, 64),
        (106, 65),
        (183, 65),
        (185, 65),
        (187, 65),
        (110, 66),
        (111, 66),
        (184, 66),
        (185, 66),
        (186, 66),
        (187, 66),
        (112, 67),
        (114, 67),
        (116, 67),
        (118, 67),
        (119, 67),
        (120, 67),
        (121, 67),
        (122, 67),
        (123, 67),
        (127, 67),
        (128, 67),
        (129, 67),
        (130, 67),
        (132, 67),
        (133, 67),
        (113, 68),
        (115, 68),
        (117, 68),
        (122, 69),
        (142, 69),
        (143, 69),
        (147, 69),
        (125, 70),
        (126, 70),
        (134, 71),
        (136, 71),
        (138, 71),
        (140, 71),
        (142, 71),
        (144, 71),
        (148, 71),
        (149, 71),
        (155, 71),
        (157, 71),
        (159, 71),
        (161, 71),
        (171, 71),
        (173, 71),
        (175, 71),
        (177, 71),
        (179, 71),
        (135, 72),
        (137, 72),
        (139, 72),
        (141, 72),
        (143, 72),
        (145, 72),
        (156, 72),
        (158, 72),
        (160, 72),
        (162, 72),
        (172, 72),
        (174, 72),
        (176, 72),
        (178, 72),
        (180, 72),
        (147, 73),
        (154, 73),
        (153, 74),
        (163, 75),
        (164, 75),
        (165, 75),
        (166, 75),
        (167, 75),
        (168, 75),
        (169, 75),
        (170, 75),
        (184, 76),
        (186, 76),
        (189, 77),
        (190, 77),
        (191, 77),
        (192, 77),
        (193, 77),
        (194, 77),
        (195, 77),
        (196, 77),
        (197, 77),
        (198, 77),
        (199, 77),
        (206, 77),
        (207, 77);
