-- MySQL dump 10.13  Distrib 8.0.36, for Win64 (x86_64)
--
-- Host: 127.0.0.1    Database: s10p12c209
-- ------------------------------------------------------
-- Server version	8.0.36

/*!40101 SET @OLD_CHARACTER_SET_CLIENT=@@CHARACTER_SET_CLIENT */;
/*!40101 SET @OLD_CHARACTER_SET_RESULTS=@@CHARACTER_SET_RESULTS */;
/*!40101 SET @OLD_COLLATION_CONNECTION=@@COLLATION_CONNECTION */;
/*!50503 SET NAMES utf8 */;
/*!40103 SET @OLD_TIME_ZONE=@@TIME_ZONE */;
/*!40103 SET TIME_ZONE='+00:00' */;
/*!40014 SET @OLD_UNIQUE_CHECKS=@@UNIQUE_CHECKS, UNIQUE_CHECKS=0 */;
/*!40014 SET @OLD_FOREIGN_KEY_CHECKS=@@FOREIGN_KEY_CHECKS, FOREIGN_KEY_CHECKS=0 */;
/*!40101 SET @OLD_SQL_MODE=@@SQL_MODE, SQL_MODE='NO_AUTO_VALUE_ON_ZERO' */;
/*!40111 SET @OLD_SQL_NOTES=@@SQL_NOTES, SQL_NOTES=0 */;

--
-- Table structure for table `menu_categories`
--

DROP TABLE IF EXISTS `menu_categories`;
/*!40101 SET @saved_cs_client     = @@character_set_client */;
/*!50503 SET character_set_client = utf8mb4 */;
CREATE TABLE `menu_categories` (
  `menu_category_id` bigint NOT NULL AUTO_INCREMENT,
  `name` varchar(32) NOT NULL,
  `deleted` tinyint(1) NOT NULL DEFAULT '0',
  `shop_id` bigint NOT NULL,
  PRIMARY KEY (`menu_category_id`),
  KEY `shop_id` (`shop_id`),
  CONSTRAINT `menu_categories_ibfk_1` FOREIGN KEY (`shop_id`) REFERENCES `shops` (`shop_id`)
) ENGINE=InnoDB AUTO_INCREMENT=13 DEFAULT CHARSET=utf8mb4;
/*!40101 SET character_set_client = @saved_cs_client */;

--
-- Dumping data for table `menu_categories`
--

LOCK TABLES `menu_categories` WRITE;
/*!40000 ALTER TABLE `menu_categories` DISABLE KEYS */;
INSERT INTO `menu_categories` VALUES (1,'시즌 메뉴',0,1),(2,'세트 메뉴',0,1),(3,'커피 메뉴',0,1),(4,'디카페인 메뉴',0,1),(5,'베버리지 메뉴',0,1),(6,'스무디／프라페 메뉴',0,1),(7,'밀크쉐이크 메뉴',0,1),(8,'에이드／주스 메뉴',0,1),(9,'티 메뉴',0,1),(10,'티:베버리지 메뉴',0,1),(11,'디저트',0,1),(12,'MD상품 메뉴',0,1);
/*!40000 ALTER TABLE `menu_categories` ENABLE KEYS */;
UNLOCK TABLES;

--
-- Table structure for table `menus`
--

DROP TABLE IF EXISTS `menus`;
/*!40101 SET @saved_cs_client     = @@character_set_client */;
/*!50503 SET character_set_client = utf8mb4 */;
CREATE TABLE `menus` (
  `menu_id` bigint NOT NULL AUTO_INCREMENT,
  `name` varchar(32) NOT NULL,
  `description` varchar(255) NOT NULL,
  `price` int NOT NULL,
  `image` varchar(512) DEFAULT NULL,
  `deleted` tinyint(1) NOT NULL DEFAULT '0',
  `menu_category_id` bigint NOT NULL,
  PRIMARY KEY (`menu_id`),
  KEY `menu_category_id` (`menu_category_id`),
  CONSTRAINT `menus_ibfk_1` FOREIGN KEY (`menu_category_id`) REFERENCES `menu_categories` (`menu_category_id`)
) ENGINE=InnoDB AUTO_INCREMENT=97 DEFAULT CHARSET=utf8mb4;
/*!40101 SET character_set_client = @saved_cs_client */;

--
-- Dumping data for table `menus`
--

LOCK TABLES `menus` WRITE;
/*!40000 ALTER TABLE `menus` DISABLE KEYS */;
INSERT INTO `menus` VALUES (1,'딸기연유라떼','',4700,'https://images.yogiyo.co.kr/image/yogiyo/PARTNER_FR_IMG/%EC%BB%B4%ED%8F%AC%EC%A6%88%EC%BB%A4%ED%94%BC/2023-11-30/%EC%A0%9C%ED%9C%B4FR_20231129_%EC%BB%B4%ED%8F%AC%EC%A6%88%EC%BB%A4%ED%94%BC_%EB%94%B8%EA%B8%B0%EC%97%B0%EC%9C%A0%EB%9D%BC%EB%96%BC_1080x640.jpg?width=1080&height=640&quality=70',0,1),(2,'딸기치즈스무디','',5300,'https://images.yogiyo.co.kr/image/yogiyo/PARTNER_FR_IMG/%EC%BB%B4%ED%8F%AC%EC%A6%88%EC%BB%A4%ED%94%BC/2023-11-30/%EC%A0%9C%ED%9C%B4FR_20231129_%EC%BB%B4%ED%8F%AC%EC%A6%88%EC%BB%A4%ED%94%BC_%EB%94%B8%EA%B8%B0%EC%B9%98%EC%A6%88%EC%8A%A4%EB%AC%B4%EB%94%94_1080x640.jpg?width=1080&height=640&quality=70',0,1),(3,'딸기애플잼라떼','',4700,'https://images.yogiyo.co.kr/image/yogiyo/PARTNER_FR_IMG/%EC%BB%B4%ED%8F%AC%EC%A6%88%EC%BB%A4%ED%94%BC/2023-11-30/%EC%A0%9C%ED%9C%B4FR_20231129_%EC%BB%B4%ED%8F%AC%EC%A6%88%EC%BB%A4%ED%94%BC_%EB%94%B8%EA%B8%B0%EC%95%A0%ED%94%8C%EC%9E%BC%EB%9D%BC%EB%96%BC_1080x640.jpg?width=1080&height=640&quality=70',0,1),(4,'국내산 딸기주스','',4700,'https://images.yogiyo.co.kr/image/yogiyo/PARTNER_FR_IMG/%EC%BB%B4%ED%8F%AC%EC%A6%88%EC%BB%A4%ED%94%BC/2023-11-30/%EC%A0%9C%ED%9C%B4FR_20231129_%EC%BB%B4%ED%8F%AC%EC%A6%88%EC%BB%A4%ED%94%BC_%EA%B5%AD%EB%82%B4%EC%82%B0%EB%94%B8%EA%B8%B0%EC%A3%BC%EC%8A%A4_1080x640.jpg?width=1080&height=640&quality=70',0,1),(5,'커피&와플','',5000,'https://images.yogiyo.co.kr/image/yogiyo/PARTNER_FR_IMG/%EC%BB%B4%ED%8F%AC%EC%A6%88%EC%BB%A4%ED%94%BC/2022-05-12/%EC%A0%9C%ED%9C%B4FR_20220511_%EC%BB%B4%ED%8F%AC%EC%A6%88%EC%BB%A4%ED%94%BC_%EC%BB%A4%ED%94%BCn%EC%99%80%ED%94%8C_1080x640.jpg?width=1080&height=640&quality=70',0,2),(6,'커피2잔&와플','',7000,'https://images.yogiyo.co.kr/image/yogiyo/PARTNER_FR_IMG/%EC%BB%B4%ED%8F%AC%EC%A6%88%EC%BB%A4%ED%94%BC/2022-05-12/%EC%A0%9C%ED%9C%B4FR_20220511_%EC%BB%B4%ED%8F%AC%EC%A6%88%EC%BB%A4%ED%94%BC_%EC%BB%A4%ED%94%BC2%EC%9E%94n%EC%99%80%ED%94%8C_1080x640.jpg?width=1080&height=640&quality=70',0,2),(7,'커피&와플&마카롱','',7300,'https://images.yogiyo.co.kr/image/yogiyo/PARTNER_FR_IMG/%EC%BB%B4%ED%8F%AC%EC%A6%88%EC%BB%A4%ED%94%BC/2022-05-12/%EC%A0%9C%ED%9C%B4FR_20220511_%EC%BB%B4%ED%8F%AC%EC%A6%88%EC%BB%A4%ED%94%BC_%EC%BB%A4%ED%94%BCn%EC%99%80%ED%94%8Cn%EB%A7%88%EC%B9%B4%EB%A1%B1_1080x640.jpg?width=1080&height=640&quality=70',0,2),(8,'아메리카노 5＋1','',10000,'https://images.yogiyo.co.kr/image/yogiyo/PARTNER_FR_IMG/%EC%BB%B4%ED%8F%AC%EC%A6%88%EC%BB%A4%ED%94%BC/2022-05-12/%EC%A0%9C%ED%9C%B4FR_20220511_%EC%BB%B4%ED%8F%AC%EC%A6%88%EC%BB%A4%ED%94%BC_%EC%95%84%EB%A9%94%EB%A6%AC%EC%B9%B4%EB%85%B85%ED%94%8C%EB%9F%AC%EC%8A%A41_1080x640.jpg?width=1080&height=640&quality=70',0,2),(9,'에스프레소','비터홀릭원두의 풍성한 크레마를 담은 커피',2000,'https://images.yogiyo.co.kr/image/yogiyo/PARTNER_FR_IMG/%EC%BB%B4%ED%8F%AC%EC%A6%88%EC%BB%A4%ED%94%BC/2022-07-22/%EC%A0%9C%ED%9C%B4FR_20220721_%EC%BB%B4%ED%8F%AC%EC%A6%88%EC%BB%A4%ED%94%BC_%EC%97%90%EC%8A%A4%ED%94%84%EB%A0%88%EC%86%8C_1080x640.jpg?width=1080&height=640&quality=70',0,3),(10,'빅포즈 아메리카노','',3500,'https://images.yogiyo.co.kr/image/yogiyo/PARTNER_FR_IMG/%EC%BB%B4%ED%8F%AC%EC%A6%88%EC%BB%A4%ED%94%BC/2023-12-11/%EC%A0%9C%ED%9C%B4FR_20231208_%EC%BB%B4%ED%8F%AC%EC%A6%88%EC%BB%A4%ED%94%BC_%EB%B9%85%ED%8F%AC%EC%A6%88%EC%95%84%EB%A9%94%EB%A6%AC%EC%B9%B4%EB%85%B8_1080x640.jpg?width=1080&height=640&quality=70',0,3),(11,'아메리카노','진한 에스프레소에 물을 담은 커피',2000,'https://images.yogiyo.co.kr/image/yogiyo/PARTNER_FR_IMG/%EC%BB%B4%ED%8F%AC%EC%A6%88%EC%BB%A4%ED%94%BC/2022-07-22/%EC%A0%9C%ED%9C%B4FR_20220721_%EC%BB%B4%ED%8F%AC%EC%A6%88%EC%BB%A4%ED%94%BC_%EC%95%84%EB%A9%94%EB%A6%AC%EC%B9%B4%EB%85%B8_1080x640.jpg?width=1080&height=640&quality=70',0,3),(12,'카페라떼','진한 에스프레소에 우유를 담은 커피',3400,'https://images.yogiyo.co.kr/image/yogiyo/PARTNER_FR_IMG/%EC%BB%B4%ED%8F%AC%EC%A6%88%EC%BB%A4%ED%94%BC/2022-07-22/%EC%A0%9C%ED%9C%B4FR_20220721_%EC%BB%B4%ED%8F%AC%EC%A6%88%EC%BB%A4%ED%94%BC_%EB%94%94%EC%B9%B4%ED%8E%98%EC%9D%B8%EC%B9%B4%ED%8E%98%EB%9D%BC%EB%96%BC_1080x640.jpg?width=1080&height=640&quality=70',0,3),(13,'카푸치노','풍부한 스팀밀크가 매력적인 커피 （시나몬 없이 주문 가능）',3400,'https://images.yogiyo.co.kr/image/yogiyo/PARTNER_FR_IMG/%EC%BB%B4%ED%8F%AC%EC%A6%88%EC%BB%A4%ED%94%BC/2022-07-22/%EC%A0%9C%ED%9C%B4FR_20220721_%EC%BB%B4%ED%8F%AC%EC%A6%88%EC%BB%A4%ED%94%BC_%EC%B9%B4%ED%91%B8%EC%B9%98%EB%85%B8_1080x640.jpg?width=1080&height=640&quality=70',0,3),(14,'바닐라라떼','바닐라향의 카페라떼',3800,'https://images.yogiyo.co.kr/image/yogiyo/PARTNER_FR_IMG/%EC%BB%B4%ED%8F%AC%EC%A6%88%EC%BB%A4%ED%94%BC/2022-07-22/%EC%A0%9C%ED%9C%B4FR_20220721_%EC%BB%B4%ED%8F%AC%EC%A6%88%EC%BB%A4%ED%94%BC_%EB%B0%94%EB%8B%90%EB%9D%BC%EB%9D%BC%EB%96%BC_1080x640.jpg?width=1080&height=640&quality=70',0,3),(15,'헤이즐넛라떼','헤이즐넛향의 카페라떼',3800,'https://images.yogiyo.co.kr/image/yogiyo/PARTNER_FR_IMG/%EC%BB%B4%ED%8F%AC%EC%A6%88%EC%BB%A4%ED%94%BC/2022-07-22/%EC%A0%9C%ED%9C%B4FR_20220721_%EC%BB%B4%ED%8F%AC%EC%A6%88%EC%BB%A4%ED%94%BC_%ED%97%A4%EC%9D%B4%EC%A6%90%EB%84%9B%EB%9D%BC%EB%96%BC_1080x640.jpg?width=1080&height=640&quality=70',0,3),(16,'카라멜마끼아또','카라멜을 담은 카페라떼',3800,'https://images.yogiyo.co.kr/image/yogiyo/PARTNER_FR_IMG/%EC%BB%B4%ED%8F%AC%EC%A6%88%EC%BB%A4%ED%94%BC/2022-07-22/%EC%A0%9C%ED%9C%B4FR_20220721_%EC%BB%B4%ED%8F%AC%EC%A6%88%EC%BB%A4%ED%94%BC_%EC%B9%B4%EB%9D%BC%EB%A9%9C%EB%A7%88%EB%81%BC%EC%95%84%EB%98%90_1080x640.jpg?width=1080&height=640&quality=70',0,3),(17,'카페모카','초콜릿을 담은 카페라떼',4000,'https://images.yogiyo.co.kr/image/yogiyo/PARTNER_FR_IMG/%EC%BB%B4%ED%8F%AC%EC%A6%88%EC%BB%A4%ED%94%BC/2022-07-22/%EC%A0%9C%ED%9C%B4FR_20220721_%EC%BB%B4%ED%8F%AC%EC%A6%88%EC%BB%A4%ED%94%BC_%EC%B9%B4%ED%8E%98%EB%AA%A8%EC%B9%B4-%ED%9C%98%ED%95%91%EC%84%A0%ED%83%9D_1080x640.jpg?width=1080&height=640&quality=70',0,3),(18,'돌체라떼','연유를 담은 카페라떼',4300,'https://images.yogiyo.co.kr/image/yogiyo/PARTNER_FR_IMG/%EC%BB%B4%ED%8F%AC%EC%A6%88%EC%BB%A4%ED%94%BC/2022-07-22/%EC%A0%9C%ED%9C%B4FR_20220721_%EC%BB%B4%ED%8F%AC%EC%A6%88%EC%BB%A4%ED%94%BC_%EB%8F%8C%EC%B2%B4%EB%9D%BC%EB%96%BC_1080x640.jpg?width=1080&height=640&quality=70',0,3),(19,'흑당카페라떼','달콤쌉쌀한 흑당을 담은 카페라떼 （펄이 기본 제공되지 않습니다）',4300,'https://images.yogiyo.co.kr/image/yogiyo/PARTNER_FR_IMG/%EC%BB%B4%ED%8F%AC%EC%A6%88%EC%BB%A4%ED%94%BC/2022-07-22/%EC%A0%9C%ED%9C%B4FR_20220721_%EC%BB%B4%ED%8F%AC%EC%A6%88%EC%BB%A4%ED%94%BC_%ED%9D%91%EB%8B%B9%EC%B9%B4%ED%8E%98%EB%9D%BC%EB%96%BC_1080x640.jpg?width=1080&height=640&quality=70',0,3),(20,'아인슈패너라떼','카페라떼와 시그니처 크림의 조화',4700,'https://images.yogiyo.co.kr/image/yogiyo/PARTNER_FR_IMG/%EC%BB%B4%ED%8F%AC%EC%A6%88%EC%BB%A4%ED%94%BC/2022-07-22/%EC%A0%9C%ED%9C%B4FR_20220721_%EC%BB%B4%ED%8F%AC%EC%A6%88%EC%BB%A4%ED%94%BC_%EC%95%84%EC%9D%B8%EC%8A%88%ED%8E%98%EB%84%88%EB%9D%BC%EB%96%BC_1080x640.jpg?width=1080&height=640&quality=70',0,3),(21,'더치커피','찬물로 추출한 더치 아메리카노',3800,'https://images.yogiyo.co.kr/image/yogiyo/PARTNER_FR_IMG/%EC%BB%B4%ED%8F%AC%EC%A6%88%EC%BB%A4%ED%94%BC/2022-07-22/%EC%A0%9C%ED%9C%B4FR_20220721_%EC%BB%B4%ED%8F%AC%EC%A6%88%EC%BB%A4%ED%94%BC_%EB%8D%94%EC%B9%98%EC%BB%A4%ED%94%BC_1080x640.jpg?width=1080&height=640&quality=70',0,3),(22,'더치라떼','찬물로 추출한 더치와 우유의 조화',4300,'https://images.yogiyo.co.kr/image/yogiyo/PARTNER_FR_IMG/%EC%BB%B4%ED%8F%AC%EC%A6%88%EC%BB%A4%ED%94%BC/2022-07-22/%EC%A0%9C%ED%9C%B4FR_20220721_%EC%BB%B4%ED%8F%AC%EC%A6%88%EC%BB%A4%ED%94%BC_%EB%8D%94%EC%B9%98%EB%9D%BC%EB%96%BC_1080x640.jpg?width=1080&height=640&quality=70',0,3),(23,'아인슈패너','더치커피와 시그니처 크림의 조화',4700,'https://images.yogiyo.co.kr/image/yogiyo/PARTNER_FR_IMG/%EC%BB%B4%ED%8F%AC%EC%A6%88%EC%BB%A4%ED%94%BC/2022-07-22/%EC%A0%9C%ED%9C%B4FR_20220721_%EC%BB%B4%ED%8F%AC%EC%A6%88%EC%BB%A4%ED%94%BC_%EC%95%84%EC%9D%B8%EC%8A%88%ED%8E%98%EB%84%88_1080x640.jpg?width=1080&height=640&quality=70',0,3),(24,'달고나라떼','달콤한 카페라떼위의 달고나',4500,'https://images.yogiyo.co.kr/image/yogiyo/PARTNER_FR_IMG/%EC%BB%B4%ED%8F%AC%EC%A6%88%EC%BB%A4%ED%94%BC/2022-07-22/%EC%A0%9C%ED%9C%B4FR_20220721_%EC%BB%B4%ED%8F%AC%EC%A6%88%EC%BB%A4%ED%94%BC_%EB%8B%AC%EA%B3%A0%EB%82%98%EB%9D%BC%EB%96%BC_1080x640.jpg?width=1080&height=640&quality=70',0,3),(25,'디카페인 더치커피','부드러운 디카페인 콜드브루 아메리카노',4000,'https://images.yogiyo.co.kr/image/yogiyo/PARTNER_FR_IMG/%EC%BB%B4%ED%8F%AC%EC%A6%88%EC%BB%A4%ED%94%BC/2022-05-12/%EC%A0%9C%ED%9C%B4FR_20220511_%EC%BB%B4%ED%8F%AC%EC%A6%88%EC%BB%A4%ED%94%BC_%EB%94%94%EC%B9%B4%ED%8E%98%EC%9D%B8%EB%8D%94%EC%B9%98%EC%BB%A4%ED%94%BC_1080x640.jpg?width=1080&height=640&quality=70',0,4),(26,'디카페인 더치라떼','부드러운 디카페인 커피와 우유의 조화',4500,'https://images.yogiyo.co.kr/image/yogiyo/PARTNER_FR_IMG/%EC%BB%B4%ED%8F%AC%EC%A6%88%EC%BB%A4%ED%94%BC/2022-05-12/%EC%A0%9C%ED%9C%B4FR_20220511_%EC%BB%B4%ED%8F%AC%EC%A6%88%EC%BB%A4%ED%94%BC_%EB%94%94%EC%B9%B4%ED%8E%98%EC%9D%B8%EB%8D%94%EC%B9%98%EB%9D%BC%EB%96%BC_1080x640.jpg?width=1080&height=640&quality=70',0,4),(27,'벨지움 생초콜릿 라떼','',5000,'https://images.yogiyo.co.kr/image/yogiyo/PARTNER_FR_IMG/%EC%BB%B4%ED%8F%AC%EC%A6%88%EC%BB%A4%ED%94%BC/2023-09-08/%EC%A0%9C%ED%9C%B4FR_20230907_%EC%BB%B4%ED%8F%AC%EC%A6%88%EC%BB%A4%ED%94%BC_%EB%B2%A8%EC%A7%80%EC%9B%80%EC%83%9D%EC%B4%88%EC%BD%9C%EB%A6%BF%EB%9D%BC%EB%96%BC_1080x640.jpg?width=1080&height=640&quality=70',0,5),(28,'망고라떼','',4300,'https://images.yogiyo.co.kr/image/yogiyo/PARTNER_FR_IMG/%EC%BB%B4%ED%8F%AC%EC%A6%88%EC%BB%A4%ED%94%BC/2023-04-10/%EC%A0%9C%ED%9C%B4FR_20230407_%EC%BB%B4%ED%8F%AC%EC%A6%88%EC%BB%A4%ED%94%BC_%EB%A7%9D%EA%B3%A0%EB%9D%BC%EB%96%BC_1080x640.jpg?width=1080&height=640&quality=70',0,5),(29,'블루베리라떼','',4300,'https://images.yogiyo.co.kr/image/yogiyo/PARTNER_FR_IMG/%EC%BB%B4%ED%8F%AC%EC%A6%88%EC%BB%A4%ED%94%BC/2023-04-10/%EC%A0%9C%ED%9C%B4FR_20230407_%EC%BB%B4%ED%8F%AC%EC%A6%88%EC%BB%A4%ED%94%BC_%EB%B8%94%EB%A3%A8%EB%B2%A0%EB%A6%AC%EB%9D%BC%EB%96%BC_1080x640.jpg?width=1080&height=640&quality=70',0,5),(30,'곡물라떼','풍부한 곡물와 우유',3800,'https://images.yogiyo.co.kr/image/yogiyo/PARTNER_FR_IMG/%EC%BB%B4%ED%8F%AC%EC%A6%88%EC%BB%A4%ED%94%BC/2022-07-22/%EC%A0%9C%ED%9C%B4FR_20220721_%EC%BB%B4%ED%8F%AC%EC%A6%88%EC%BB%A4%ED%94%BC_%EA%B3%A1%EB%AC%BC%EB%9D%BC%EB%96%BC_1080x640.jpg?width=1080&height=640&quality=70',0,5),(31,'고구마라떼','달콤한 자색고구마와 우유',4000,'https://images.yogiyo.co.kr/image/yogiyo/PARTNER_FR_IMG/%EC%BB%B4%ED%8F%AC%EC%A6%88%EC%BB%A4%ED%94%BC/2022-07-22/%EC%A0%9C%ED%9C%B4FR_20220721_%EC%BB%B4%ED%8F%AC%EC%A6%88%EC%BB%A4%ED%94%BC_%EA%B3%A0%EA%B5%AC%EB%A7%88%EB%9D%BC%EB%96%BC_1080x640.jpg?width=1080&height=640&quality=70',0,5),(32,'더블초코라떼','진한 초콜릿과 우유 （휘핑크림 없이 주문 가능）',4000,'https://images.yogiyo.co.kr/image/yogiyo/PARTNER_FR_IMG/%EC%BB%B4%ED%8F%AC%EC%A6%88%EC%BB%A4%ED%94%BC/2022-05-12/%EC%A0%9C%ED%9C%B4FR_20220511_%EC%BB%B4%ED%8F%AC%EC%A6%88%EC%BB%A4%ED%94%BC_%EB%8D%94%EB%B8%94%EC%B4%88%EC%BD%94%EB%9D%BC%EB%96%BC_1080x640.jpg?width=1080&height=640&quality=70',0,5),(33,'쿠키초코라떼','초코쿠키토핑이 매력적인 쿠앤크 라떼 （휘핑크림 없이 주문 가능）',4000,'https://images.yogiyo.co.kr/image/yogiyo/PARTNER_FR_IMG/%EC%BB%B4%ED%8F%AC%EC%A6%88%EC%BB%A4%ED%94%BC/2022-07-22/%EC%A0%9C%ED%9C%B4FR_20220721_%EC%BB%B4%ED%8F%AC%EC%A6%88%EC%BB%A4%ED%94%BC_%EC%BF%A0%ED%82%A4%EC%B4%88%EC%BD%94%EB%9D%BC%EB%96%BC-%ED%9C%98%ED%95%91%EC%84%A0%ED%83%9D_1080x640.jpg?width=1080&height=640&quality=70',0,5),(34,'그린티라떼','진한 말차와 우유',4000,'https://images.yogiyo.co.kr/image/yogiyo/PARTNER_FR_IMG/%EC%BB%B4%ED%8F%AC%EC%A6%88%EC%BB%A4%ED%94%BC/2022-07-22/%EC%A0%9C%ED%9C%B4FR_20220721_%EC%BB%B4%ED%8F%AC%EC%A6%88%EC%BB%A4%ED%94%BC_%EA%B7%B8%EB%A6%B0%ED%8B%B0%EB%9D%BC%EB%96%BC_1080x640.jpg?width=1080&height=640&quality=70',0,5),(35,'민트초코오레오라떼','시원한 민트라떼와 초코쿠키토핑 （휘핑크림 없이 주문 가능）',4000,'https://images.yogiyo.co.kr/image/yogiyo/PARTNER_FR_IMG/%EC%BB%B4%ED%8F%AC%EC%A6%88%EC%BB%A4%ED%94%BC/2023-06-29/%EC%A0%9C%ED%9C%B4FR_20230628_%EC%BB%B4%ED%8F%AC%EC%A6%88%EC%BB%A4%ED%94%BC_%EB%AF%BC%ED%8A%B8%EC%B4%88%EC%BD%94%EC%98%A4%EB%A0%88%EC%98%A4%EB%9D%BC%EB%96%BC_1080x640.jpg?width=1080&height=640&quality=70',0,5),(36,'흑당밀크','달콤쌉쌀한 흑당과 우유',4000,'https://images.yogiyo.co.kr/image/yogiyo/PARTNER_FR_IMG/%EC%BB%B4%ED%8F%AC%EC%A6%88%EC%BB%A4%ED%94%BC/2022-07-22/%EC%A0%9C%ED%9C%B4FR_20220721_%EC%BB%B4%ED%8F%AC%EC%A6%88%EC%BB%A4%ED%94%BC_%ED%9D%91%EB%8B%B9%EB%B0%80%ED%81%AC_1080x640.jpg?width=1080&height=640&quality=70',0,5),(37,'밀크티','진한 홍차와 우유',4300,'https://images.yogiyo.co.kr/image/yogiyo/PARTNER_FR_IMG/%EC%BB%B4%ED%8F%AC%EC%A6%88%EC%BB%A4%ED%94%BC/2022-07-22/%EC%A0%9C%ED%9C%B4FR_20220721_%EC%BB%B4%ED%8F%AC%EC%A6%88%EC%BB%A4%ED%94%BC_%EB%B0%80%ED%81%AC%ED%8B%B0_1080x640.jpg?width=1080&height=640&quality=70',0,5),(38,'딸기라떼','',4300,'https://images.yogiyo.co.kr/image/yogiyo/PARTNER_FR_IMG/%EC%BB%B4%ED%8F%AC%EC%A6%88%EC%BB%A4%ED%94%BC/2022-07-22/%EC%A0%9C%ED%9C%B4FR_20220721_%EC%BB%B4%ED%8F%AC%EC%A6%88%EC%BB%A4%ED%94%BC_%EB%94%B8%EA%B8%B0%EB%9D%BC%EB%96%BC_1080x640.jpg?width=1080&height=640&quality=70',0,5),(39,'딸기스무디','딸기 과육향이 풍부한 블렌딩음료',4300,'https://images.yogiyo.co.kr/image/yogiyo/PARTNER_FR_IMG/%EC%BB%B4%ED%8F%AC%EC%A6%88%EC%BB%A4%ED%94%BC/2022-07-22/%EC%A0%9C%ED%9C%B4FR_20220721_%EC%BB%B4%ED%8F%AC%EC%A6%88%EC%BB%A4%ED%94%BC_%EB%94%B8%EA%B8%B0%EC%8A%A4%EB%AC%B4%EB%94%94_1080x640.jpg?width=1080&height=640&quality=70',0,6),(40,'망고스무디','망고 과육향이 풍부한 블렌딩음료',4300,'https://images.yogiyo.co.kr/image/yogiyo/PARTNER_FR_IMG/%EC%BB%B4%ED%8F%AC%EC%A6%88%EC%BB%A4%ED%94%BC/2022-07-22/%EC%A0%9C%ED%9C%B4FR_20220721_%EC%BB%B4%ED%8F%AC%EC%A6%88%EC%BB%A4%ED%94%BC_%EB%A7%9D%EA%B3%A0%EC%8A%A4%EB%AC%B4%EB%94%94_1080x640.jpg?width=1080&height=640&quality=70',0,6),(41,'블루베리스무디','블루베리 과육향이 풍부한 블렌딩음료',4300,'https://images.yogiyo.co.kr/image/yogiyo/PARTNER_FR_IMG/%EC%BB%B4%ED%8F%AC%EC%A6%88%EC%BB%A4%ED%94%BC/2022-07-22/%EC%A0%9C%ED%9C%B4FR_20220721_%EC%BB%B4%ED%8F%AC%EC%A6%88%EC%BB%A4%ED%94%BC_%EB%B8%94%EB%A3%A8%EB%B2%A0%EB%A6%AC%EC%8A%A4%EB%AC%B4%EB%94%94_1080x640.jpg?width=1080&height=640&quality=70',0,6),(42,'유자스무디','',4300,'https://images.yogiyo.co.kr/image/yogiyo/PARTNER_FR_IMG/%EC%BB%B4%ED%8F%AC%EC%A6%88%EC%BB%A4%ED%94%BC/2022-07-22/%EC%A0%9C%ED%9C%B4FR_20220721_%EC%BB%B4%ED%8F%AC%EC%A6%88%EC%BB%A4%ED%94%BC_%EC%9C%A0%EC%9E%90%EC%8A%A4%EB%AC%B4%EB%94%94_1080x640.jpg?width=1080&height=640&quality=70',0,6),(43,'딸기요거트스무디','딸기와 요거트가 담긴 블렌딩음료',4500,'https://images.yogiyo.co.kr/image/yogiyo/PARTNER_FR_IMG/%EC%BB%B4%ED%8F%AC%EC%A6%88%EC%BB%A4%ED%94%BC/2022-07-22/%EC%A0%9C%ED%9C%B4FR_20220721_%EC%BB%B4%ED%8F%AC%EC%A6%88%EC%BB%A4%ED%94%BC_%EB%94%B8%EA%B8%B0%EC%9A%94%EA%B1%B0%ED%8A%B8%EC%8A%A4%EB%AC%B4%EB%94%94_1080x640.jpg?width=1080&height=640&quality=70',0,6),(44,'망고요거트스무디','망고와 요거트가 담긴 블렌딩음료',4500,'https://images.yogiyo.co.kr/image/yogiyo/PARTNER_FR_IMG/%EC%BB%B4%ED%8F%AC%EC%A6%88%EC%BB%A4%ED%94%BC/2022-07-22/%EC%A0%9C%ED%9C%B4FR_20220721_%EC%BB%B4%ED%8F%AC%EC%A6%88%EC%BB%A4%ED%94%BC_%EB%A7%9D%EA%B3%A0%EC%9A%94%EA%B1%B0%ED%8A%B8%EC%8A%A4%EB%AC%B4%EB%94%94_1080x640.jpg?width=1080&height=640&quality=70',0,6),(45,'블루베리요거트스무디','블루베리와 요거트가 담긴 블렌딩음료',4500,'https://images.yogiyo.co.kr/image/yogiyo/PARTNER_FR_IMG/%EC%BB%B4%ED%8F%AC%EC%A6%88%EC%BB%A4%ED%94%BC/2022-07-22/%EC%A0%9C%ED%9C%B4FR_20220721_%EC%BB%B4%ED%8F%AC%EC%A6%88%EC%BB%A4%ED%94%BC_%EB%B8%94%EB%A3%A8%EB%B2%A0%EB%A6%AC%EC%9A%94%EA%B1%B0%ED%8A%B8%EC%8A%A4%EB%AC%B4%EB%94%94_1080x640.jpg?width=1080&height=640&quality=70',0,6),(46,'플레인요거트스무디','새콤달콤한 요거트 블렌딩 음료',4500,'https://images.yogiyo.co.kr/image/yogiyo/PARTNER_FR_IMG/%EC%BB%B4%ED%8F%AC%EC%A6%88%EC%BB%A4%ED%94%BC/2022-07-22/%EC%A0%9C%ED%9C%B4FR_20220721_%EC%BB%B4%ED%8F%AC%EC%A6%88%EC%BB%A4%ED%94%BC_%ED%94%8C%EB%A0%88%EC%9D%B8%EC%9A%94%EA%B1%B0%ED%8A%B8%EC%8A%A4%EB%AC%B4%EB%94%94_1080x640.jpg?width=1080&height=640&quality=70',0,6),(47,'리얼초코자바칩프라페','모카소스와 자바칩초콜릿을 담은 블렌딩음료 （휘핑크림 없이 주문 가능）',4500,'https://images.yogiyo.co.kr/image/yogiyo/PARTNER_FR_IMG/%EC%BB%B4%ED%8F%AC%EC%A6%88%EC%BB%A4%ED%94%BC/2022-07-22/%EC%A0%9C%ED%9C%B4FR_20220721_%EC%BB%B4%ED%8F%AC%EC%A6%88%EC%BB%A4%ED%94%BC_%EB%A6%AC%EC%96%BC%EC%B4%88%EC%BD%94%EC%9E%90%EB%B0%94%EC%B9%A9%ED%94%84%EB%9D%BC%ED%8E%98-%ED%9C%98%ED%95%91%EC%84%A0%ED%83%9D_1080x640.jpg?width=1080&height=640&quality=70',0,6),(48,'쿠키초코프라페','초콜릿음료와 초코쿠키토핑을 담은 블렌딩음료 （휘핑크림 없이 주문 가능）',4500,'https://images.yogiyo.co.kr/image/yogiyo/PARTNER_FR_IMG/%EC%BB%B4%ED%8F%AC%EC%A6%88%EC%BB%A4%ED%94%BC/2022-07-22/%EC%A0%9C%ED%9C%B4FR_20220721_%EC%BB%B4%ED%8F%AC%EC%A6%88%EC%BB%A4%ED%94%BC_%EC%BF%A0%ED%82%A4%EC%B4%88%EC%BD%94%ED%94%84%EB%9D%BC%ED%8E%98-%ED%9C%98%ED%95%91%EC%84%A0%ED%83%9D_1080x640.jpg?width=1080&height=640&quality=70',0,6),(49,'민트초코오레오프라페','민트와 초코쿠키토핑을 담은 블렌딩 음료 （휘핑크림 없이 주문 가능）',4500,'https://images.yogiyo.co.kr/image/yogiyo/PARTNER_FR_IMG/%EC%BB%B4%ED%8F%AC%EC%A6%88%EC%BB%A4%ED%94%BC/2023-06-29/%EC%A0%9C%ED%9C%B4FR_20230628_%EC%BB%B4%ED%8F%AC%EC%A6%88%EC%BB%A4%ED%94%BC_%EB%AF%BC%ED%8A%B8%EC%B4%88%EC%BD%94%EC%98%A4%EB%A0%88%EC%98%A4%ED%94%84%EB%9D%BC%ED%8E%98_1080x640.jpg?width=1080&height=640&quality=70',0,6),(50,'그린티프라페','진한말차와 우유를 담은 블렌딩 음료 （휘핑크림 없이 주문 가능）',4500,'https://images.yogiyo.co.kr/image/yogiyo/PARTNER_FR_IMG/%EC%BB%B4%ED%8F%AC%EC%A6%88%EC%BB%A4%ED%94%BC/2022-07-22/%EC%A0%9C%ED%9C%B4FR_20220721_%EC%BB%B4%ED%8F%AC%EC%A6%88%EC%BB%A4%ED%94%BC_%EA%B7%B8%EB%A6%B0%ED%8B%B0%ED%94%84%EB%9D%BC%ED%8E%98-%ED%9C%98%ED%95%91%EC%84%A0%ED%83%9D_1080x640.jpg?width=1080&height=640&quality=70',0,6),(51,'모카자바칩프라페','에스프레소샷이 담긴 자바칩프라페 （휘핑크림 없이 주문 가능）',5000,'https://images.yogiyo.co.kr/image/yogiyo/PARTNER_FR_IMG/%EC%BB%B4%ED%8F%AC%EC%A6%88%EC%BB%A4%ED%94%BC/2022-07-22/%EC%A0%9C%ED%9C%B4FR_20220721_%EC%BB%B4%ED%8F%AC%EC%A6%88%EC%BB%A4%ED%94%BC_%EB%AA%A8%EC%B9%B4%EC%9E%90%EB%B0%94%EC%B9%A9%ED%94%84%EB%9D%BC%ED%8E%98-%ED%9C%98%ED%95%91%EC%84%A0%ED%83%9D_1080x640.jpg?width=1080&height=640&quality=70',0,6),(52,'캔디소다밀크쉐이크','',4700,'https://images.yogiyo.co.kr/image/yogiyo/PARTNER_FR_IMG/%EC%BB%B4%ED%8F%AC%EC%A6%88%EC%BB%A4%ED%94%BC/2023-04-10/%EC%A0%9C%ED%9C%B4FR_20230407_%EC%BB%B4%ED%8F%AC%EC%A6%88%EC%BB%A4%ED%94%BC_%EC%BA%94%EB%94%94%EC%86%8C%EB%8B%A4%EB%B0%80%ED%81%AC%EC%89%90%EC%9D%B4%ED%81%AC_1080x640.jpg?width=1080&height=640&quality=70',0,7),(53,'플레인밀크쉐이크','우유와 상하목장을 담은 밀크쉐이크',4700,'https://images.yogiyo.co.kr/image/yogiyo/PARTNER_FR_IMG/%EC%BB%B4%ED%8F%AC%EC%A6%88%EC%BB%A4%ED%94%BC/2022-07-22/%EC%A0%9C%ED%9C%B4FR_20220721_%EC%BB%B4%ED%8F%AC%EC%A6%88%EC%BB%A4%ED%94%BC_%ED%94%8C%EB%A0%88%EC%9D%B8%EB%B0%80%ED%81%AC%EC%89%90%EC%9D%B4%ED%81%AC_1080x640.jpg?width=1080&height=640&quality=70',0,7),(54,'쿠키밀크쉐이크','달콤한 캬라멜과 커피쿠키가 더해진 밀크쉐이크',5000,'https://images.yogiyo.co.kr/image/yogiyo/PARTNER_FR_IMG/%EC%BB%B4%ED%8F%AC%EC%A6%88%EC%BB%A4%ED%94%BC/2022-07-22/%EC%A0%9C%ED%9C%B4FR_20220721_%EC%BB%B4%ED%8F%AC%EC%A6%88%EC%BB%A4%ED%94%BC_%EC%BF%A0%ED%82%A4%EB%B0%80%ED%81%AC%EC%89%90%EC%9D%B4%ED%81%AC_1080x640.jpg?width=1080&height=640&quality=70',0,7),(55,'커피밀크쉐이크','',5000,'https://images.yogiyo.co.kr/image/yogiyo/PARTNER_FR_IMG/%EC%BB%B4%ED%8F%AC%EC%A6%88%EC%BB%A4%ED%94%BC/2022-07-22/%EC%A0%9C%ED%9C%B4FR_20220721_%EC%BB%B4%ED%8F%AC%EC%A6%88%EC%BB%A4%ED%94%BC_%EC%BB%A4%ED%94%BC%EB%B0%80%ED%81%AC%EC%89%90%EC%9D%B4%ED%81%AC_1080x640.jpg?width=1080&height=640&quality=70',0,7),(56,'자몽에이드','자몽과육과 탄산이 만나 청량감이 가득한 음료',4000,'https://images.yogiyo.co.kr/image/yogiyo/PARTNER_FR_IMG/%EC%BB%B4%ED%8F%AC%EC%A6%88%EC%BB%A4%ED%94%BC/2022-07-22/%EC%A0%9C%ED%9C%B4FR_20220721_%EC%BB%B4%ED%8F%AC%EC%A6%88%EC%BB%A4%ED%94%BC_%EC%9E%90%EB%AA%BD%EC%97%90%EC%9D%B4%EB%93%9C_1080x640.jpg?width=1080&height=640&quality=70',0,8),(57,'레몬에이드','레몬과육과 탄산이 만나 청량감이 가득한 음료',4000,'https://images.yogiyo.co.kr/image/yogiyo/PARTNER_FR_IMG/%EC%BB%B4%ED%8F%AC%EC%A6%88%EC%BB%A4%ED%94%BC/2022-07-22/%EC%A0%9C%ED%9C%B4FR_20220721_%EC%BB%B4%ED%8F%AC%EC%A6%88%EC%BB%A4%ED%94%BC_%EB%A0%88%EB%AA%AC%EC%97%90%EC%9D%B4%EB%93%9C_1080x640.jpg?width=1080&height=640&quality=70',0,8),(58,'망고에이드','망고과육과 탄산이 만나 청량감이 가득한 음료',4000,'https://images.yogiyo.co.kr/image/yogiyo/PARTNER_FR_IMG/%EC%BB%B4%ED%8F%AC%EC%A6%88%EC%BB%A4%ED%94%BC/2022-07-22/%EC%A0%9C%ED%9C%B4FR_20220721_%EC%BB%B4%ED%8F%AC%EC%A6%88%EC%BB%A4%ED%94%BC_%EB%A7%9D%EA%B3%A0%EC%97%90%EC%9D%B4%EB%93%9C_1080x640.jpg?width=1080&height=640&quality=70',0,8),(59,'유자에이드','유자청과 탄산이 만나 청량감이 가득한 음료',4000,'https://images.yogiyo.co.kr/image/yogiyo/PARTNER_FR_IMG/%EC%BB%B4%ED%8F%AC%EC%A6%88%EC%BB%A4%ED%94%BC/2022-07-22/%EC%A0%9C%ED%9C%B4FR_20220721_%EC%BB%B4%ED%8F%AC%EC%A6%88%EC%BB%A4%ED%94%BC_%EC%9C%A0%EC%9E%90%EC%97%90%EC%9D%B4%EB%93%9C_1080x640.jpg?width=1080&height=640&quality=70',0,8),(60,'블루레몬에이드','레몬에이드에 블루색으로 시원함을 더한 음료',4000,'https://images.yogiyo.co.kr/image/yogiyo/PARTNER_FR_IMG/%EC%BB%B4%ED%8F%AC%EC%A6%88%EC%BB%A4%ED%94%BC/2022-07-22/%EC%A0%9C%ED%9C%B4FR_20220721_%EC%BB%B4%ED%8F%AC%EC%A6%88%EC%BB%A4%ED%94%BC_%EB%B8%94%EB%A3%A8%EB%A0%88%EB%AA%AC%EC%8A%A4%ED%8E%98%EC%85%9C%EC%97%90%EC%9D%B4%EB%93%9C_1080x640.jpg?width=1080&height=640&quality=70',0,8),(61,'청포도에이드','청포도과육과 탄산이 만나 청량감이 가득한 음료',4000,'https://images.yogiyo.co.kr/image/yogiyo/PARTNER_FR_IMG/%EC%BB%B4%ED%8F%AC%EC%A6%88%EC%BB%A4%ED%94%BC/2022-07-22/%EC%A0%9C%ED%9C%B4FR_20220721_%EC%BB%B4%ED%8F%AC%EC%A6%88%EC%BB%A4%ED%94%BC_%EC%B2%AD%ED%8F%AC%EB%8F%84%EC%8A%A4%ED%8E%98%EC%85%9C%EC%97%90%EC%9D%B4%EB%93%9C_1080x640.jpg?width=1080&height=640&quality=70',0,8),(62,'패션후르츠에이드','패션후르츠과육과 탄산이 만나 청량감이 가득한 음료 （씨가 포함 되어 있습니다）',4000,'https://images.yogiyo.co.kr/image/yogiyo/PARTNER_FR_IMG/%EC%BB%B4%ED%8F%AC%EC%A6%88%EC%BB%A4%ED%94%BC/2022-07-22/%EC%A0%9C%ED%9C%B4FR_20220721_%EC%BB%B4%ED%8F%AC%EC%A6%88%EC%BB%A4%ED%94%BC_%ED%8C%A8%EC%85%98%ED%9B%84%EB%A5%B4%EC%B8%A0%EC%8A%A4%ED%8E%98%EC%85%9C%EC%97%90%EC%9D%B4%EB%93%9C_1080x640.jpg?width=1080&height=640&quality=70',0,8),(63,'키위주스','키위를 사용한 과일주스',4300,'https://images.yogiyo.co.kr/image/yogiyo/PARTNER_FR_IMG/%EC%BB%B4%ED%8F%AC%EC%A6%88%EC%BB%A4%ED%94%BC/2022-07-22/%EC%A0%9C%ED%9C%B4FR_20220721_%EC%BB%B4%ED%8F%AC%EC%A6%88%EC%BB%A4%ED%94%BC_%ED%82%A4%EC%9C%84%EC%A3%BC%EC%8A%A4_1080x640.jpg?width=1080&height=640&quality=70',0,8),(64,'복숭아주스','복숭아를 사용한 과일주스',4300,'https://images.yogiyo.co.kr/image/yogiyo/PARTNER_FR_IMG/%EC%BB%B4%ED%8F%AC%EC%A6%88%EC%BB%A4%ED%94%BC/2022-07-22/%EC%A0%9C%ED%9C%B4FR_20220721_%EC%BB%B4%ED%8F%AC%EC%A6%88%EC%BB%A4%ED%94%BC_%EB%B3%B5%EC%88%AD%EC%95%84%EC%A3%BC%EC%8A%A4_1080x640.jpg?width=1080&height=640&quality=70',0,8),(65,'오렌지당근주스','오렌지, 사과, 당근을 넣은 건강 과일주스',4300,'https://images.yogiyo.co.kr/image/yogiyo/PARTNER_FR_IMG/%EC%BB%B4%ED%8F%AC%EC%A6%88%EC%BB%A4%ED%94%BC/2022-07-22/%EC%A0%9C%ED%9C%B4FR_20220721_%EC%BB%B4%ED%8F%AC%EC%A6%88%EC%BB%A4%ED%94%BC_%EC%98%A4%EB%A0%8C%EC%A7%80%EB%8B%B9%EA%B7%BC%EC%A3%BC%EC%8A%A4_1080x640.jpg?width=1080&height=640&quality=70',0,8),(66,'샤인머스켓케일주스','샤인머스켓, 파인애플, 케일을 넣은 건강 과일주스',4300,'https://images.yogiyo.co.kr/image/yogiyo/PARTNER_FR_IMG/%EC%BB%B4%ED%8F%AC%EC%A6%88%EC%BB%A4%ED%94%BC/2022-07-22/%EC%A0%9C%ED%9C%B4FR_20220721_%EC%BB%B4%ED%8F%AC%EC%A6%88%EC%BB%A4%ED%94%BC_%EC%83%A4%EC%9D%B8%ED%8C%8C%EC%9D%B8%EC%BC%80%EC%9D%BC%EC%A3%BC%EC%8A%A4_1080x640.jpg?width=1080&height=640&quality=70',0,8),(67,'페퍼민트','시원한 페퍼민트 향을 담은 허브티',3000,'https://images.yogiyo.co.kr/image/yogiyo/PARTNER_FR_IMG/%EC%BB%B4%ED%8F%AC%EC%A6%88%EC%BB%A4%ED%94%BC/2022-07-22/%EC%A0%9C%ED%9C%B4FR_20220721_%EC%BB%B4%ED%8F%AC%EC%A6%88%EC%BB%A4%ED%94%BC_%ED%8E%98%ED%8D%BC%EB%AF%BC%ED%8A%B8_1080x640.jpg?width=1080&height=640&quality=70',0,9),(68,'캐모마일','향기로운 국화향을 담은 허브티',3000,'https://images.yogiyo.co.kr/image/yogiyo/PARTNER_FR_IMG/%EC%BB%B4%ED%8F%AC%EC%A6%88%EC%BB%A4%ED%94%BC/2022-07-22/%EC%A0%9C%ED%9C%B4FR_20220721_%EC%BB%B4%ED%8F%AC%EC%A6%88%EC%BB%A4%ED%94%BC_%EC%BA%90%EB%AA%A8%EB%A7%88%EC%9D%BC_1080x640.jpg?width=1080&height=640&quality=70',0,9),(69,'로즈마리','신선하고 은은한 로즈마리향을 담은 허브티',3000,'https://images.yogiyo.co.kr/image/yogiyo/PARTNER_FR_IMG/%EC%BB%B4%ED%8F%AC%EC%A6%88%EC%BB%A4%ED%94%BC/2022-07-22/%EC%A0%9C%ED%9C%B4FR_20220721_%EC%BB%B4%ED%8F%AC%EC%A6%88%EC%BB%A4%ED%94%BC_%EB%A1%9C%EC%A6%88%EB%A7%88%EB%A6%AC_1080x640.jpg?width=1080&height=640&quality=70',0,9),(70,'블랙퍼스트','진한 향과 카페인으로 아침에 마시는 홍차',3000,'https://images.yogiyo.co.kr/image/yogiyo/PARTNER_FR_IMG/%EC%BB%B4%ED%8F%AC%EC%A6%88%EC%BB%A4%ED%94%BC/2022-07-22/%EC%A0%9C%ED%9C%B4FR_20220721_%EC%BB%B4%ED%8F%AC%EC%A6%88%EC%BB%A4%ED%94%BC_%EB%B8%94%EB%9E%99%ED%8D%BC%EC%8A%A4%ED%8A%B8_1080x640.jpg?width=1080&height=640&quality=70',0,9),(71,'얼그레이','베르가못（감귤류의 한종류） 향을 담은 홍차',3000,'https://images.yogiyo.co.kr/image/yogiyo/PARTNER_FR_IMG/%EC%BB%B4%ED%8F%AC%EC%A6%88%EC%BB%A4%ED%94%BC/2022-07-22/%EC%A0%9C%ED%9C%B4FR_20220721_%EC%BB%B4%ED%8F%AC%EC%A6%88%EC%BB%A4%ED%94%BC_%EC%96%BC%EA%B7%B8%EB%A0%88%EC%9D%B4_1080x640.jpg?width=1080&height=640&quality=70',0,9),(72,'자몽허니과일티','자몽청이 들어가 달콤 쌉쌀함이 가득한 과일티',4000,'https://images.yogiyo.co.kr/image/yogiyo/PARTNER_FR_IMG/%EC%BB%B4%ED%8F%AC%EC%A6%88%EC%BB%A4%ED%94%BC/2022-07-22/%EC%A0%9C%ED%9C%B4FR_20220721_%EC%BB%B4%ED%8F%AC%EC%A6%88%EC%BB%A4%ED%94%BC_%ED%97%88%EB%8B%88%EC%9E%90%EB%AA%BD%ED%8B%B0_1080x640.jpg?width=1080&height=640&quality=70',0,9),(73,'레몬허니과일티','레몬청이 들어가 달콤 상콤함이 가득한 과일티',4000,'https://images.yogiyo.co.kr/image/yogiyo/PARTNER_FR_IMG/%EC%BB%B4%ED%8F%AC%EC%A6%88%EC%BB%A4%ED%94%BC/2022-07-22/%EC%A0%9C%ED%9C%B4FR_20220721_%EC%BB%B4%ED%8F%AC%EC%A6%88%EC%BB%A4%ED%94%BC_%ED%97%88%EB%8B%88%EB%A0%88%EB%AA%AC%ED%8B%B0_1080x640.jpg?width=1080&height=640&quality=70',0,9),(74,'유자허니과일티','유자청이 들어가 상콤 쌉쌀함이 가득한 과일티',4000,'https://images.yogiyo.co.kr/image/yogiyo/PARTNER_FR_IMG/%EC%BB%B4%ED%8F%AC%EC%A6%88%EC%BB%A4%ED%94%BC/2022-07-22/%EC%A0%9C%ED%9C%B4FR_20220721_%EC%BB%B4%ED%8F%AC%EC%A6%88%EC%BB%A4%ED%94%BC_%ED%97%88%EB%8B%88%EC%9C%A0%EC%9E%90%ED%8B%B0_1080x640.jpg?width=1080&height=640&quality=70',0,9),(75,'복숭아티','홍차에 복숭아의 달콤함을 더한 아이스티',3500,'https://images.yogiyo.co.kr/image/yogiyo/PARTNER_FR_IMG/%EC%BB%B4%ED%8F%AC%EC%A6%88%EC%BB%A4%ED%94%BC/2022-07-22/%EC%A0%9C%ED%9C%B4FR_20220721_%EC%BB%B4%ED%8F%AC%EC%A6%88%EC%BB%A4%ED%94%BC_%EB%B3%B5%EC%88%AD%EC%95%84%ED%8B%B0_1080x640.jpg?width=1080&height=640&quality=70',0,10),(76,'자몽허니블랙티','진한 홍차와 자몽과육이 어우러진 음료',4300,'https://images.yogiyo.co.kr/image/yogiyo/PARTNER_FR_IMG/%EC%BB%B4%ED%8F%AC%EC%A6%88%EC%BB%A4%ED%94%BC/2022-07-22/%EC%A0%9C%ED%9C%B4FR_20220721_%EC%BB%B4%ED%8F%AC%EC%A6%88%EC%BB%A4%ED%94%BC_%EC%9E%90%EB%AA%BD%ED%97%88%EB%8B%88%EB%B8%94%EB%9E%99%ED%8B%B0_1080x640.jpg?width=1080&height=640&quality=70',0,10),(77,'더블샷 카라멜 팝콘','달콤한 카라멜 맛이 한가득 느껴지는 팝콘',2500,'https://images.yogiyo.co.kr/image/yogiyo/PARTNER_FR_IMG/%EC%BB%B4%ED%8F%AC%EC%A6%88%EC%BB%A4%ED%94%BC/2023-04-26/%EC%A0%9C%ED%9C%B4FR_20230425_%EC%BB%B4%ED%8F%AC%EC%A6%88%EC%BB%A4%ED%94%BC_%EB%8D%94%EB%B8%94%EC%83%B7%EC%B9%B4%EB%9D%BC%EB%A9%9C%ED%8C%9D%EC%BD%98_1080x640.jpg?width=1080&height=640&quality=70',0,11),(78,'콘소메 수프맛 팝콘','',2000,'https://images.yogiyo.co.kr/image/yogiyo/PARTNER_FR_IMG/%EC%BB%B4%ED%8F%AC%EC%A6%88%EC%BB%A4%ED%94%BC/2023-04-26/%EC%A0%9C%ED%9C%B4FR_20230425_%EC%BB%B4%ED%8F%AC%EC%A6%88%EC%BB%A4%ED%94%BC_%EC%BD%98%EC%86%8C%EB%A9%94%EC%88%98%ED%94%84%EB%A7%9B%ED%8C%9D%EC%BD%98_1080x640.jpg?width=1080&height=640&quality=70',0,11),(79,'딸기치즈큐브와플','',4500,'https://images.yogiyo.co.kr/image/yogiyo/PARTNER_FR_IMG/%EC%BB%B4%ED%8F%AC%EC%A6%88%EC%BB%A4%ED%94%BC/2023-11-30/%EC%A0%9C%ED%9C%B4FR_20231129_%EC%BB%B4%ED%8F%AC%EC%A6%88%EC%BB%A4%ED%94%BC_%EB%94%B8%EA%B8%B0%EC%B9%98%EC%A6%88%ED%81%90%EB%B8%8C%EC%99%80%ED%94%8C_1080x640.jpg?width=1080&height=640&quality=70',0,11),(80,'사과생크림와플','바삭한 와플에 사과잼과 휘핑크림을 토핑한 와플',3500,'https://images.yogiyo.co.kr/image/yogiyo/PARTNER_FR_IMG/%EC%BB%B4%ED%8F%AC%EC%A6%88%EC%BB%A4%ED%94%BC/2022-05-12/%EC%A0%9C%ED%9C%B4FR_20220511_%EC%BB%B4%ED%8F%AC%EC%A6%88%EC%BB%A4%ED%94%BC_%EC%82%AC%EA%B3%BC%EC%83%9D%ED%81%AC%EB%A6%BC%EC%99%80%ED%94%8C_1080x640.jpg?width=1080&height=640&quality=70',0,11),(81,'시나몬카라멜와플','바삭한 와플에 캬라멜과 시나몬파우더를 토핑한 와플',4000,'https://images.yogiyo.co.kr/image/yogiyo/PARTNER_FR_IMG/%EC%BB%B4%ED%8F%AC%EC%A6%88%EC%BB%A4%ED%94%BC/2022-05-12/%EC%A0%9C%ED%9C%B4FR_20220511_%EC%BB%B4%ED%8F%AC%EC%A6%88%EC%BB%A4%ED%94%BC_%EC%8B%9C%EB%82%98%EB%AA%AC%EC%B9%B4%EB%9D%BC%EB%A9%9C%EC%99%80%ED%94%8C_1080x640.jpg?width=1080&height=640&quality=70',0,11),(82,'오레오생크림와플','바삭한 와플에 초콜릿과 쿠키크럼을 토핑한 와플',4000,'https://images.yogiyo.co.kr/image/yogiyo/PARTNER_FR_IMG/%EC%BB%B4%ED%8F%AC%EC%A6%88%EC%BB%A4%ED%94%BC/2022-05-12/%EC%A0%9C%ED%9C%B4FR_20220511_%EC%BB%B4%ED%8F%AC%EC%A6%88%EC%BB%A4%ED%94%BC_%EC%98%A4%EB%A0%88%EC%98%A4%EC%83%9D%ED%81%AC%EB%A6%BC%EC%99%80%ED%94%8C_1080x640.jpg?width=1080&height=640&quality=70',0,11),(83,'메이플 크룽지','',2000,'https://images.yogiyo.co.kr/image/yogiyo/PARTNER_FR_IMG/%EC%BB%B4%ED%8F%AC%EC%A6%88%EC%BB%A4%ED%94%BC/2023-10-05/%EC%A0%9C%ED%9C%B4FR_20231004_%EC%BB%B4%ED%8F%AC%EC%A6%88%EC%BB%A4%ED%94%BC_%EB%A9%94%EC%9D%B4%ED%94%8C%ED%81%AC%EB%A3%BD%EC%A7%80_1080x640.jpg?width=1080&height=640&quality=70',0,11),(84,'시나몬 크룽지','',2000,'https://images.yogiyo.co.kr/image/yogiyo/PARTNER_FR_IMG/%EC%BB%B4%ED%8F%AC%EC%A6%88%EC%BB%A4%ED%94%BC/2023-10-05/%EC%A0%9C%ED%9C%B4FR_20231004_%EC%BB%B4%ED%8F%AC%EC%A6%88%EC%BB%A4%ED%94%BC_%EC%8B%9C%EB%82%98%EB%AA%AC%ED%81%AC%EB%A3%BD%EC%A7%80_1080x640.jpg?width=1080&height=640&quality=70',0,11),(85,'달고나다크초콜릿','',2500,'https://images.yogiyo.co.kr/image/yogiyo/PARTNER_FR_IMG/%EC%BB%B4%ED%8F%AC%EC%A6%88%EC%BB%A4%ED%94%BC/2023-05-03/%EC%A0%9C%ED%9C%B4FR_20230502_%EC%BB%B4%ED%8F%AC%EC%A6%88%EC%BB%A4%ED%94%BC_%EB%8B%AC%EA%B3%A0%EB%82%98%EB%8B%A4%ED%81%AC%EC%B4%88%EC%BD%9C%EB%A6%BF_1080x640.jpg?width=1080&height=640&quality=70',0,11),(86,'브리틀밀크초콜릿','',2500,'https://images.yogiyo.co.kr/image/yogiyo/PARTNER_FR_IMG/%EC%BB%B4%ED%8F%AC%EC%A6%88%EC%BB%A4%ED%94%BC/2023-05-03/%EC%A0%9C%ED%9C%B4FR_20230502_%EC%BB%B4%ED%8F%AC%EC%A6%88%EC%BB%A4%ED%94%BC_%EB%B8%8C%EB%A6%AC%ED%8B%80%EB%B0%80%ED%81%AC%EC%B4%88%EC%BD%9C%EB%A6%BF_1080x640.jpg?width=1080&height=640&quality=70',0,11),(87,'생크림카스테라 화이트','',5000,'https://images.yogiyo.co.kr/image/yogiyo/PARTNER_FR_IMG/%EC%BB%B4%ED%8F%AC%EC%A6%88%EC%BB%A4%ED%94%BC/2023-02-01/%EC%A0%9C%ED%9C%B4FR_20230131_%EC%BB%B4%ED%8F%AC%EC%A6%88%EC%BB%A4%ED%94%BC_%EC%83%9D%ED%81%AC%EB%A6%BC%EC%B9%B4%EC%8A%A4%ED%85%8C%EB%9D%BC%ED%99%94%EC%9D%B4%ED%8A%B8_1080x640.jpg?width=1080&height=640&quality=70',0,11),(88,'달콤블랙벨벳케익','은은한 체리 향이 매력적인 초코 시트 케익',4000,'https://images.yogiyo.co.kr/image/yogiyo/PARTNER_FR_IMG/%EC%BB%B4%ED%8F%AC%EC%A6%88%EC%BB%A4%ED%94%BC/2022-05-12/%EC%A0%9C%ED%9C%B4FR_20220511_%EC%BB%B4%ED%8F%AC%EC%A6%88%EC%BB%A4%ED%94%BC_%EB%8B%AC%EC%BD%A4%EB%B8%94%EB%9E%99%EB%B2%A8%EB%B2%B3%EC%BC%80%EC%9D%B5_1080x640.jpg?width=1080&height=640&quality=70',0,11),(89,'모카마카롱','커피와 초콜릿향이 담긴 마카롱',2300,'https://images.yogiyo.co.kr/image/yogiyo/PARTNER_FR_IMG/%EC%BB%B4%ED%8F%AC%EC%A6%88%EC%BB%A4%ED%94%BC/2022-07-22/%EC%A0%9C%ED%9C%B4FR_20220721_%EC%BB%B4%ED%8F%AC%EC%A6%88%EC%BB%A4%ED%94%BC_%EB%AA%A8%EC%B9%B4%EB%A7%88%EC%B9%B4%EB%A1%B1_1080x640.jpg?width=1080&height=640&quality=70',0,11),(90,'바닐라마카롱','바닐라향이 담긴 마카롱',2300,'https://images.yogiyo.co.kr/image/yogiyo/PARTNER_FR_IMG/%EC%BB%B4%ED%8F%AC%EC%A6%88%EC%BB%A4%ED%94%BC/2022-07-22/%EC%A0%9C%ED%9C%B4FR_20220721_%EC%BB%B4%ED%8F%AC%EC%A6%88%EC%BB%A4%ED%94%BC_%EB%B0%94%EB%8B%90%EB%9D%BC%EB%A7%88%EC%B9%B4%EB%A1%B1_1080x640.jpg?width=1080&height=640&quality=70',0,11),(91,'산딸기마카롱','산딸기향이 담긴 마카롱',2300,'https://images.yogiyo.co.kr/image/yogiyo/PARTNER_FR_IMG/%EC%BB%B4%ED%8F%AC%EC%A6%88%EC%BB%A4%ED%94%BC/2022-07-22/%EC%A0%9C%ED%9C%B4FR_20220721_%EC%BB%B4%ED%8F%AC%EC%A6%88%EC%BB%A4%ED%94%BC_%EC%82%B0%EB%94%B8%EA%B8%B0%EB%A7%88%EC%B9%B4%EB%A1%B1_1080x640.jpg?width=1080&height=640&quality=70',0,11),(92,'초코마카롱','초콜릿향이 담긴 마카롱',2300,'https://images.yogiyo.co.kr/image/yogiyo/PARTNER_FR_IMG/%EC%BB%B4%ED%8F%AC%EC%A6%88%EC%BB%A4%ED%94%BC/2022-07-22/%EC%A0%9C%ED%9C%B4FR_20220721_%EC%BB%B4%ED%8F%AC%EC%A6%88%EC%BB%A4%ED%94%BC_%EC%B4%88%EC%BD%94%EB%A7%88%EC%B9%B4%EB%A1%B1_1080x640.jpg?width=1080&height=640&quality=70',0,11),(93,'카라멜마카롱','캬라멜향이 담긴 마카롱',2300,'https://images.yogiyo.co.kr/image/yogiyo/PARTNER_FR_IMG/%EC%BB%B4%ED%8F%AC%EC%A6%88%EC%BB%A4%ED%94%BC/2022-07-22/%EC%A0%9C%ED%9C%B4FR_20220721_%EC%BB%B4%ED%8F%AC%EC%A6%88%EC%BB%A4%ED%94%BC_%EC%B9%B4%EB%9D%BC%EB%A9%9C%EB%A7%88%EC%B9%B4%EB%A1%B1_1080x640.jpg?width=1080&height=640&quality=70',0,11),(94,'뉴욕치즈케익','진한 치즈향과 부드럽게 구워진 치즈케이크',4000,'https://images.yogiyo.co.kr/image/yogiyo/PARTNER_FR_IMG/%EC%BB%B4%ED%8F%AC%EC%A6%88%EC%BB%A4%ED%94%BC/2022-07-22/%EC%A0%9C%ED%9C%B4FR_20220721_%EC%BB%B4%ED%8F%AC%EC%A6%88%EC%BB%A4%ED%94%BC_%EB%89%B4%EC%9A%95%EC%B9%98%EC%A6%88%EC%BC%80%EC%9D%B4%ED%81%AC_1080x640.jpg?width=1080&height=640&quality=70',0,11),(95,'티라미수','진한 커피향과 초코 향이 더해진 부드러운 케이크',3500,'https://images.yogiyo.co.kr/image/yogiyo/PARTNER_FR_IMG/%EC%BB%B4%ED%8F%AC%EC%A6%88%EC%BB%A4%ED%94%BC/2022-05-12/%EC%A0%9C%ED%9C%B4FR_20220511_%EC%BB%B4%ED%8F%AC%EC%A6%88%EC%BB%A4%ED%94%BC_%ED%8B%B0%EB%9D%BC%EB%AF%B8%EC%88%98_1080x640.jpg?width=1080&height=640&quality=70',0,11),(96,'블랙엣지','',5000,NULL,0,12);
/*!40000 ALTER TABLE `menus` ENABLE KEYS */;
UNLOCK TABLES;

--
-- Table structure for table `menus_option_categories`
--

DROP TABLE IF EXISTS `menus_option_categories`;
/*!40101 SET @saved_cs_client     = @@character_set_client */;
/*!50503 SET character_set_client = utf8mb4 */;
CREATE TABLE `menus_option_categories` (
  `menu_id` bigint NOT NULL,
  `option_category_id` bigint NOT NULL,
  PRIMARY KEY (`menu_id`,`option_category_id`),
  KEY `option_category_id` (`option_category_id`),
  CONSTRAINT `menus_option_categories_ibfk_1` FOREIGN KEY (`menu_id`) REFERENCES `menus` (`menu_id`),
  CONSTRAINT `menus_option_categories_ibfk_2` FOREIGN KEY (`option_category_id`) REFERENCES `option_categories` (`option_category_id`)
) ENGINE=InnoDB DEFAULT CHARSET=utf8mb4;
/*!40101 SET character_set_client = @saved_cs_client */;

--
-- Dumping data for table `menus_option_categories`
--

LOCK TABLES `menus_option_categories` WRITE;
/*!40000 ALTER TABLE `menus_option_categories` DISABLE KEYS */;
INSERT INTO `menus_option_categories` VALUES (1,1),(2,1),(3,1),(4,1),(9,1),(10,1),(11,1),(12,1),(13,1),(20,1),(21,1),(22,1),(23,1),(24,1),(25,1),(26,1),(56,1),(57,1),(58,1),(59,1),(60,1),(61,1),(62,1),(63,1),(64,1),(65,1),(66,1),(1,2),(4,2),(10,2),(39,2),(2,3),(3,3),(17,3),(28,3),(29,3),(32,3),(33,3),(35,3),(38,3),(47,3),(48,3),(49,3),(50,3),(51,3),(2,4),(3,4),(28,4),(29,4),(32,4),(33,4),(35,4),(38,4),(52,4),(5,5),(6,5),(7,5),(5,6),(6,6),(7,6),(81,6),(5,7),(7,7),(11,7),(12,7),(13,7),(14,7),(15,7),(16,7),(18,7),(19,7),(24,7),(5,8),(7,8),(5,9),(7,9),(5,10),(7,10),(14,10),(15,10),(16,10),(18,10),(19,10),(27,10),(28,10),(29,10),(30,10),(31,10),(32,10),(33,10),(34,10),(35,10),(36,10),(37,10),(38,10),(39,10),(40,10),(41,10),(42,10),(43,10),(44,10),(45,10),(46,10),(47,10),(48,10),(49,10),(50,10),(51,10),(52,10),(53,10),(54,10),(55,10),(72,10),(73,10),(74,10),(75,10),(76,10),(5,11),(7,11),(9,11),(11,11),(12,11),(13,11),(14,11),(15,11),(16,11),(18,11),(19,11),(21,11),(22,11),(24,11),(25,11),(26,11),(6,12),(6,13),(6,14),(8,14),(6,15),(6,16),(8,16),(6,17),(6,18),(6,19),(8,19),(6,20),(6,21),(8,21),(7,22),(8,23),(8,24),(8,25),(8,26),(8,27),(8,28),(8,29),(8,30),(8,31),(8,32),(8,33),(8,34),(8,35),(8,36),(8,37),(8,38),(8,39),(8,40),(8,41),(8,42),(9,43),(10,43),(20,43),(11,44),(12,44),(14,44),(15,44),(16,44),(17,44),(18,44),(21,44),(22,44),(25,44),(26,44),(30,44),(31,44),(32,44),(33,44),(34,44),(35,44),(37,44),(67,44),(68,44),(69,44),(70,44),(71,44),(72,44),(73,44),(74,44),(75,44),(76,44),(13,45),(17,46),(17,47),(17,48),(20,49),(23,49),(27,50),(30,51),(30,52),(31,52),(34,52),(36,52),(37,52),(72,52),(73,52),(74,52),(75,52),(76,52),(40,53),(41,53),(42,53),(43,53),(44,53),(45,53),(46,53),(53,53),(54,53),(55,53),(56,53),(57,53),(58,53),(59,53),(60,53),(61,53),(62,53),(63,53),(64,53),(65,53),(66,53),(47,54),(48,54),(49,54),(50,54),(51,54),(79,55),(80,55),(81,55),(82,55);
/*!40000 ALTER TABLE `menus_option_categories` ENABLE KEYS */;
UNLOCK TABLES;

--
-- Table structure for table `option_categories`
--

DROP TABLE IF EXISTS `option_categories`;
/*!40101 SET @saved_cs_client     = @@character_set_client */;
/*!50503 SET character_set_client = utf8mb4 */;
CREATE TABLE `option_categories` (
  `option_category_id` bigint NOT NULL AUTO_INCREMENT,
  `name` varchar(32) NOT NULL,
  `required` tinyint(1) NOT NULL,
  `max_count` int DEFAULT NULL,
  `deleted` tinyint(1) NOT NULL DEFAULT '0',
  PRIMARY KEY (`option_category_id`)
) ENGINE=InnoDB AUTO_INCREMENT=56 DEFAULT CHARSET=utf8mb4;
/*!40101 SET character_set_client = @saved_cs_client */;

--
-- Dumping data for table `option_categories`
--

LOCK TABLES `option_categories` WRITE;
/*!40000 ALTER TABLE `option_categories` DISABLE KEYS */;
INSERT INTO `option_categories` VALUES (1,'당도 추가 선택',0,2,0),(2,'추가 선택',0,2,0),(3,'휘핑 선택',1,NULL,0),(4,'추가 선택',0,2,0),(5,'와플 선택',1,NULL,0),(6,'와플 옵션 선택',0,1,0),(7,'샷 선택',0,3,0),(8,'음료 선택',1,NULL,0),(9,'휘핑 선택（카페모카, 모카자바칩프라페만 해당）',0,3,0),(10,'당도 추가 선택',0,3,0),(11,'추가 선택',0,4,0),(12,'음료 선택1',1,NULL,0),(13,'휘핑 선택1（카페모카, 모카자바칩프라페만 해당）',0,3,0),(14,'샷 선택1',0,3,0),(15,'당도 추가 선택1',0,3,0),(16,'추가 선택1',0,4,0),(17,'음료 선택2',1,NULL,0),(18,'휘핑 선택2（카페모카,모카자바칩프라페만 해당）',0,3,0),(19,'샷 선택2',0,3,0),(20,'당도 추가 선택2',0,3,0),(21,'추가 선택2',0,4,0),(22,'마카롱 선택',1,NULL,0),(23,'HOT or ICE 선택1',1,NULL,0),(24,'당도 추가 선택1',0,2,0),(25,'HOT or ICE 선택2',1,NULL,0),(26,'당도 추가 선택2',0,2,0),(27,'HOT or ICE 선택3',1,NULL,0),(28,'샷 선택3',0,3,0),(29,'당도 추가 선택3',0,2,0),(30,'추가 선택3',0,4,0),(31,'HOT or ICE 선택4',1,NULL,0),(32,'샷 선택4',0,3,0),(33,'당도 추가 선택4',0,2,0),(34,'추가 선택4',0,4,0),(35,'HOT or ICE 선택5',1,NULL,0),(36,'샷 선택5',0,3,0),(37,'당도 추가 선택5',0,2,0),(38,'추가 선택5',0,4,0),(39,'HOT or ICE 선택6',1,NULL,0),(40,'샷 선택6',0,3,0),(41,'당도 추가 선택6',0,2,0),(42,'추가 선택6',0,4,0),(43,'샷 선택',1,NULL,0),(44,'HOT or ICE 선택',1,NULL,0),(45,'시나몬 파우더 선택',1,NULL,0),(46,'샷 선택',0,3,0),(47,'당도 추가 선택',0,3,0),(48,'추가 선택',0,3,0),(49,'추가 선택',0,3,0),(50,'추가 선택',0,4,0),(51,'아몬드 토핑 선택',1,NULL,0),(52,'추가 선택',0,3,0),(53,'추가 선택',0,2,0),(54,'추가 선택',0,1,0),(55,'와플 선택',1,NULL,0);
/*!40000 ALTER TABLE `option_categories` ENABLE KEYS */;
UNLOCK TABLES;

--
-- Table structure for table `options`
--

DROP TABLE IF EXISTS `options`;
/*!40101 SET @saved_cs_client     = @@character_set_client */;
/*!50503 SET character_set_client = utf8mb4 */;
CREATE TABLE `options` (
  `option_id` bigint NOT NULL AUTO_INCREMENT,
  `name` varchar(32) NOT NULL,
  `price` int NOT NULL,
  `deleted` tinyint(1) NOT NULL DEFAULT '0',
  `option_category_id` bigint NOT NULL,
  PRIMARY KEY (`option_id`),
  KEY `option_category_id` (`option_category_id`),
  CONSTRAINT `options_ibfk_1` FOREIGN KEY (`option_category_id`) REFERENCES `option_categories` (`option_category_id`)
) ENGINE=InnoDB AUTO_INCREMENT=232 DEFAULT CHARSET=utf8mb4;
/*!40101 SET character_set_client = @saved_cs_client */;

--
-- Dumping data for table `options`
--

LOCK TABLES `options` WRITE;
/*!40000 ALTER TABLE `options` DISABLE KEYS */;
INSERT INTO `options` VALUES (1,'설탕시럽 1펌프 추가',0,0,1),(2,'설탕시럽 2펌프 추가',0,0,1),(3,'펄 추가',700,0,2),(4,'휘핑크림',500,0,2),(5,'휘핑 제공',0,0,3),(6,'휘핑 미제공',0,0,3),(7,'휘핑 적게',0,0,3),(8,'샷 추가',500,0,4),(9,'펄 추가 （ICE 음료만 가능）',700,0,4),(10,'사과생크림와플',0,0,5),(11,'시나몬카라멜와플',500,0,5),(12,'오레오생크림와플',500,0,5),(13,'시나몬파우더 제공（시나몬카라멜 와플만 해당）',0,0,6),(14,'시나몬파우더 미제공（시나몬카라멜 와플만 해당）',0,0,6),(15,'선택 안함',0,0,7),(16,'연하게',0,0,7),(17,'샷 추가',500,0,7),(18,'아메리카노 （HOT）',0,0,8),(19,'아메리카노 （ICE）',0,0,8),(20,'카페라떼 （HOT）',1400,0,8),(21,'카페라떼 （ICE）',1400,0,8),(22,'카푸치노 （HOT）',1400,0,8),(23,'바닐라라떼 （HOT）',1800,0,8),(24,'바닐라라떼 （ICE）',1800,0,8),(25,'헤이즐넛라떼 （HOT）',1800,0,8),(26,'헤이즐넛라떼 （ICE）',1800,0,8),(27,'카라멜마끼아또 （HOT）',1800,0,8),(28,'카라멜마끼아또 （ICE）',1800,0,8),(29,'카페모카 （HOT）',2000,0,8),(30,'카페모카 （ICE）',2000,0,8),(31,'돌체라떼 （HOT）',2300,0,8),(32,'돌체라떼 （ICE）',2300,0,8),(33,'흑당카페라떼 （ICE）',2300,0,8),(34,'아인슈패너라떼 （ICE）',2700,0,8),(35,'커피밀크쉐이크 （ICE）',3000,0,8),(36,'모카자바칩프라페 （ICE）',3000,0,8),(37,'달고나라떼 （ICE）',2500,0,8),(38,'더치커피 （HOT）',1800,0,8),(39,'더치커피 （ICE）',1800,0,8),(40,'더치라떼 （HOT）',2300,0,8),(41,'더치라떼 （ICE）',2300,0,8),(42,'아인슈패너',2700,0,8),(43,'디카페인 더치커피 （HOT）',2000,0,8),(44,'디카페인 더치커피 （ICE）',2000,0,8),(45,'디카페인 더치라떼 （HOT）',2500,0,8),(46,'디카페인 더치라떼 （ICE）',2500,0,8),(47,'휘핑 제공',0,0,9),(48,'휘핑 미제공',0,0,9),(49,'휘핑 적게',0,0,9),(50,'덜달게',0,0,10),(51,'설탕시럽 1펌프 추가',0,0,10),(52,'설탕시럽 2펌프 추가',0,0,10),(53,'바닐라 시럽 추가',500,0,11),(54,'헤이즐넛 시럽 추가',500,0,11),(55,'펄 추가',700,0,11),(56,'휘핑크림',500,0,11),(57,'아메리카노 （HOT）',0,0,12),(58,'아메리카노 （ICE）',0,0,12),(59,'카페라떼 （HOT）',1400,0,12),(60,'카페라떼 （ICE）',1400,0,12),(61,'카푸치노 （HOT）',1400,0,12),(62,'바닐라라떼 （HOT）',1800,0,12),(63,'바닐라라떼 （ICE）',1800,0,12),(64,'헤이즐넛라떼 （HOT）',1800,0,12),(65,'헤이즐넛라떼 （ICE）',1800,0,12),(66,'카라멜마끼아또 （HOT）',1800,0,12),(67,'카라멜마끼아또 （ICE）',1800,0,12),(68,'카페모카 （HOT）',2000,0,12),(69,'카페모카 （ICE）',2000,0,12),(70,'돌체라떼 （HOT）',2300,0,12),(71,'돌체라떼 （ICE）',2300,0,12),(72,'흑당카페라떼 （ICE）',2300,0,12),(73,'아인슈패너라떼 （ICE）',2700,0,12),(74,'커피밀크쉐이크 （ICE）',3000,0,12),(75,'모카자바칩프라페 （ICE）',3000,0,12),(76,'달고나라떼 （ICE）',2500,0,12),(77,'더치커피 （HOT）',1800,0,12),(78,'더치커피 （ICE）',1800,0,12),(79,'더치라떼 （HOT）',2300,0,12),(80,'더치라떼 （ICE）',2300,0,12),(81,'아인슈패너',2700,0,12),(82,'디카페인 더치커피 （HOT）',2000,0,12),(83,'디카페인 더치커피 （ICE）',2000,0,12),(84,'디카페인 더치라떼 （HOT）',2500,0,12),(85,'디카페인 더치라떼 （ICE）',2500,0,12),(86,'휘핑 제공',0,0,13),(87,'휘핑 미제공',0,0,13),(88,'휘핑 적게',0,0,13),(89,'선택 안함',0,0,14),(90,'연하게',0,0,14),(91,'샷 추가',500,0,14),(92,'덜달게',0,0,15),(93,'설탕시럽 1펌프 추가',0,0,15),(94,'설탕시럽 2펌프 추가',0,0,15),(95,'바닐라 시럽 추가',500,0,16),(96,'헤이즐넛 시럽 추가',500,0,16),(97,'펄 추가（ICE 음료만가능）',700,0,16),(98,'휘핑크림',500,0,16),(99,'아메리카노 （HOT）',0,0,17),(100,'아메리카노 （ICE）',0,0,17),(101,'카페라떼 （HOT）',1400,0,17),(102,'카페라떼 （ICE）',1400,0,17),(103,'카푸치노 （HOT）',1400,0,17),(104,'바닐라라떼 （HOT）',1800,0,17),(105,'바닐라라떼 （ICE）',1800,0,17),(106,'헤이즐넛라떼 （HOT）',1800,0,17),(107,'헤이즐넛라떼 （ICE）',1800,0,17),(108,'카라멜마끼아또 （HOT）',1800,0,17),(109,'카라멜마끼아또 （ICE）',1800,0,17),(110,'카페모카 （HOT）',2000,0,17),(111,'카페모카 （ICE）',2000,0,17),(112,'돌체라떼 （HOT）',2300,0,17),(113,'돌체라떼 （ICE）',2300,0,17),(114,'흑당카페라떼 （ICE）',2300,0,17),(115,'아인슈패너라떼 （ICE）',2700,0,17),(116,'커피밀크쉐이크 （ICE）',3000,0,17),(117,'모카자바칩프라페 （ICE）',3000,0,17),(118,'달고나라떼 （ICE）',2500,0,17),(119,'더치커피 （HOT）',1800,0,17),(120,'더치커피 （ICE）',1800,0,17),(121,'더치라떼 （HOT）',2300,0,17),(122,'더치라떼 （ICE）',2300,0,17),(123,'아인슈패너',2700,0,17),(124,'디카페인 더치커피 （HOT）',2000,0,17),(125,'디카페인 더치커피 （ICE）',2000,0,17),(126,'디카페인 더치라떼 （HOT）',2500,0,17),(127,'디카페인 더치라떼 （ICE）',2500,0,17),(128,'휘핑 제공',0,0,18),(129,'휘핑 미제공',0,0,18),(130,'휘핑 적게',0,0,18),(131,'선택 안함',0,0,19),(132,'연하게',0,0,19),(133,'샷 추가',500,0,19),(134,'덜달게',0,0,20),(135,'설탕시럽 1펌프 추가',0,0,20),(136,'설탕시럽 2펌프 추가',0,0,20),(137,'바닐라 시럽 추가',500,0,21),(138,'헤이즐넛 시럽 추가',500,0,21),(139,'펄 추가 （ICE 음료만 가능）',700,0,21),(140,'휘핑 크림',500,0,21),(141,'모카마카롱',0,0,22),(142,'바닐라마카롱',0,0,22),(143,'산딸기마카롱',0,0,22),(144,'초코마카롱',0,0,22),(145,'카라멜마카롱',0,0,22),(146,'블루베리마카롱',0,0,22),(147,'HOT',0,0,23),(148,'ICE',0,0,23),(149,'설탕시럽 1펌프 추가',0,0,24),(150,'설탕시럽 2펌프 추가',0,0,24),(151,'HOT',0,0,25),(152,'ICE',0,0,25),(153,'설탕시럽 1펌프 추가',0,0,26),(154,'설탕시럽 2펌프 추가',0,0,26),(155,'HOT',0,0,27),(156,'ICE',0,0,27),(157,'선택 안함',0,0,28),(158,'연하게',0,0,28),(159,'샷 추가',500,0,28),(160,'선택 안함',0,0,29),(161,'연하게',0,0,29),(162,'바닐라 시럽 추가',500,0,30),(163,'헤이즐넛 시럽 추가',500,0,30),(164,'펄 추가 （ICE 음료만 가능）',700,0,30),(165,'휘핑 크림',500,0,30),(166,'HOT',0,0,31),(167,'ICE',0,0,31),(168,'선택 안함',0,0,32),(169,'연하게',0,0,32),(170,'샷 추가',500,0,32),(171,'설탕시럽 1펌프 추가',0,0,33),(172,'설탕시럽 2펌프 추가',0,0,33),(173,'바닐라 시럽 추가',500,0,34),(174,'헤이즐넛 시럽 추가',500,0,34),(175,'펄 추가 （ICE 음료만 가능）',700,0,34),(176,'휘핑 크림',500,0,34),(177,'HOT',0,0,35),(178,'ICE',0,0,35),(179,'선택 안함',0,0,36),(180,'연하게',0,0,36),(181,'샷 추가',500,0,36),(182,'설탕시럽 1펌프 추가',0,0,37),(183,'설탕시럽 2펌프 추가',0,0,37),(184,'바닐라 시럽 추가',500,0,38),(185,'헤이즐넛 시럽 추가',500,0,38),(186,'펄 추가 （ICE 음료만 가능）',700,0,38),(187,'휘핑 크림',500,0,38),(188,'HOT',0,0,39),(189,'ICE',0,0,39),(190,'선택 안함',0,0,40),(191,'연하게',0,0,40),(192,'샷 추가',500,0,40),(193,'설탕시럽 1펌프 추가',0,0,41),(194,'설탕시럽 2펌프 추가',0,0,41),(195,'바닐라 시럽 추가',500,0,42),(196,'헤이즐넛 시럽 추가',500,0,42),(197,'펄 추가 （ICE 음료만 가능）',700,0,42),(198,'휘핑 크림',500,0,42),(199,'선택 안함',0,0,43),(200,'샷 추가',500,0,43),(201,'HOT',0,0,44),(202,'ICE',0,0,44),(203,'시나몬 파우더 제공',0,0,45),(204,'시나몬 파우더 미제공',0,0,45),(205,'선택 안함',0,0,46),(206,'연하게',0,0,46),(207,'샷 추가',500,0,46),(208,'덜달게',0,0,47),(209,'설탕시럽 1펌프 추가',0,0,47),(210,'설탕시럽 2펌프 추가',0,0,47),(211,'헤이즐넛 시럽 추가',500,0,48),(212,'바닐라 시럽 추가',500,0,48),(213,'펄 추가（ICE 음료만 가능）',700,0,48),(214,'바닐라 시럽 추가',500,0,49),(215,'헤이즐넛 시럽 추가',500,0,49),(216,'펄 추가 （ICE 음료만 가능）',700,0,49),(217,'바닐라 시럽 추가',500,0,50),(218,'헤이즐넛 시럽 추가',500,0,50),(219,'펄 추가 （ICE 음료만 가능）',700,0,50),(220,'샷 추가',500,0,50),(221,'아몬드 토핑 제공',0,0,51),(222,'아몬드 토핑 미제공',0,0,51),(223,'샷 추가',500,0,52),(224,'휘핑크림 추가',500,0,52),(225,'펄 추가 （ICE 음료만 가능）',700,0,52),(226,'휘핑크림',500,0,53),(227,'펄 추가 （ICE 음료만 가능）',700,0,53),(228,'펄 추가',700,0,54),(229,'선택 안함',0,0,55),(230,'휘핑 적게',0,0,55),(231,'휘핑크림 추가',500,0,55);
/*!40000 ALTER TABLE `options` ENABLE KEYS */;
UNLOCK TABLES;
/*!40103 SET TIME_ZONE=@OLD_TIME_ZONE */;

/*!40101 SET SQL_MODE=@OLD_SQL_MODE */;
/*!40014 SET FOREIGN_KEY_CHECKS=@OLD_FOREIGN_KEY_CHECKS */;
/*!40014 SET UNIQUE_CHECKS=@OLD_UNIQUE_CHECKS */;
/*!40101 SET CHARACTER_SET_CLIENT=@OLD_CHARACTER_SET_CLIENT */;
/*!40101 SET CHARACTER_SET_RESULTS=@OLD_CHARACTER_SET_RESULTS */;
/*!40101 SET COLLATION_CONNECTION=@OLD_COLLATION_CONNECTION */;
/*!40111 SET SQL_NOTES=@OLD_SQL_NOTES */;

-- Dump completed on 2024-01-26 20:07:27
